VSA_EState4,MinEStateIndex,BCUT2D_MRHI,BCUT2D_LOGPHI,SMR_VSA10,MinAbsEStateIndex,MolLogP,FpDensityMorgan2,VSA_EState6,MaxAbsEStateIndex,FpDensityMorgan3,TPSA,Kappa3,MolMR,EState_VSA2,Chi0,BCUT2D_LOGPLOW,EState_VSA3,Chi2v,MolWt,BCUT2D_MWHI,PEOE_VSA1,BCUT2D_CHGLO,BalabanJ,MaxPartialCharge,SlogP_VSA2,qed,AvgIpc,MinPartialCharge,BCUT2D_MWLOW,Kappa2,Chi4v,Chi0v,Chi4n,NHOHCount,NumAromaticCarbocycles,VSA_EState3,Chi3v,Chi1v,BCUT2D_MRLOW,MinAbsPartialCharge,BCUT2D_CHGHI,PEOE_VSA7,VSA_EState5,MaxAbsPartialCharge,HeavyAtomMolWt,SlogP_VSA6,EState_VSA10,conductivity_class
0.9375,0.9375,5.302311349,1.924812575,0.0,0.9375,1.6679,1.75,9.602407407,5.099814815,2.125,0.0,0.885977034,34.377,0.0,5.819990956,-1.657695859,0.0,1.510362971,102.136,13.80225404,0.0,-1.819867116,3.049388908,0.024207756,0.0,0.43694442,1.903491193,-0.114665305,10.22491379,2.181847728,0.534377897,4.464101615,0.534377897,0.0,1.0,0.0,0.940455735,2.449358737,1.653105502,0.024207756,1.75921691,12.13273414,2.526944444,0.114665305,96.088,30.33183534,0.0,Class_0
0.0,1.377497953,6.605415881,2.593280752,129.2693811,1.377497953,12.1518,0.261904762,42.05138542,2.366552448,0.380952381,0.0,1.714528175,183.63,0.0,26.58432852,-1.994696136,0.0,12.61880215,522.606,14.32019924,0.0,-2.285102341,1.644980756,-4.76e-05,0.0,0.137212754,3.055287007,-0.060988711,9.733714304,5.932498034,9.873289452,22.39230485,9.873289452,0.0,13.0,33.94861458,11.12777675,14.96410162,1.808684914,4.76e-05,2.301311341,129.2693811,0.0,0.060988711,504.462,109.1946072,0.0,Class_1
0.0,-0.21797188,7.334867113,2.549946231,94.52722242,0.203266075,7.0239,0.606060606,9.255358718,10.22487793,0.878787879,121.38,2.305959348,135.0978,34.497071,22.75626588,-1.744721724,0.0,11.08640076,492.555,32.13598413,30.63916437,-2.020479067,1.870533494,0.1583585,30.63916437,0.126505433,3.405077133,-0.504244091,10.02625463,6.015916261,8.629211465,18.8216178,4.566673604,6.0,4.0,65.93812784,9.546872349,12.22997702,0.404759637,0.1583585,2.233805985,18.19910121,-1.263713864,0.504244091,480.459,36.39820241,30.63916437,Class_1
-2.213675149,-0.744276712,6.463331956,2.622207734,87.75395485,0.121300548,5.2424,0.333333333,0.0,10.77896056,0.444444444,214.4,1.433649826,122.4304,87.75395485,24.68483359,-1.82083063,0.0,8.830095834,488.316,16.40551038,58.52082291,-2.057825742,1.892564678,0.205433087,40.85221916,0.128587044,3.601517708,-0.501571997,9.928829396,4.813662732,5.827210217,17.21070193,5.827210217,8.0,5.0,87.2020889,7.250817015,10.42184754,0.387490517,0.205433087,2.372059149,0.0,-5.954213698,0.501571997,480.252,17.66860375,40.85221916,Class_2
2.13313933,-0.366293377,6.361108388,2.465797764,34.56901818,0.310050548,2.7977,0.677419355,7.80111804,10.03287548,0.967741935,161.7,2.177610952,109.7448,34.497071,21.60156534,-2.476958361,51.25937266,7.215855293,416.349,16.31021302,30.63916437,-2.379946238,1.761643258,0.159118383,53.04593346,0.307036046,2.719367039,-0.504242164,9.971448907,5.448033814,3.847433039,15.43623757,3.847433039,6.0,3.0,59.99771207,5.3158163,9.068203581,0.403022322,0.159118383,2.399953125,18.19910121,-1.257852381,0.504242164,404.253,51.37541661,30.63916437,Class_1
-1.104722222,-1.374444444,5.984066383,2.105756469,17.90791586,0.368240741,0.7812,0.866666667,2.699722222,10.56470522,1.0,111.9,2.305256473,47.3199,16.69035448,11.58542196,-2.065257257,0.0,2.714495799,210.141,16.37305107,15.31958218,-2.003555392,3.387380075,0.33523137,33.22749805,0.679088944,2.16326513,-0.477638687,10.05915428,3.78634806,0.998016605,7.298436465,0.998016605,3.0,1.0,25.83421769,1.673864427,3.765243637,0.069553734,0.33523137,2.137637823,18.19910121,-4.123333333,0.477638687,204.093,18.19910121,14.38361155,Class_0
3.996901861,-0.529952759,6.419480896,2.409051874,45.7759399,0.249927984,3.12088,0.852941176,6.160429894,13.51964463,1.088235294,132.12,2.285946306,122.3514,22.25380597,24.04915909,-2.436250123,44.92293296,8.52804544,454.446,16.18267148,0.0,-2.315524281,1.604047134,0.265611511,44.02344615,0.447419975,3.317266112,-0.280396407,9.85245357,6.471361799,5.029776558,18.73124862,5.029776558,2.0,2.0,14.4620503,6.520335444,10.62393176,0.087235242,0.265611511,2.419672695,51.96041707,-2.119811036,0.280396407,436.302,24.26546827,19.17814874,Class_0
4.549189342,0.590185185,5.869781569,2.158951696,33.36115731,0.590185185,2.7262,0.722222222,15.48399282,4.49170446,1.0,51.56,1.322348659,70.14,0.0,11.94938299,-1.935692775,11.29435444,4.071855861,232.246,14.98565519,0.0,-2.008564326,2.197069577,0.198536233,19.93591408,0.437298327,2.424428959,-0.223554902,10.26320565,3.43403111,2.012869734,9.407656536,2.012869734,0.0,2.0,0.0,2.868876174,5.69355492,1.256394327,0.198536233,2.048186308,24.26546827,0.0,0.223554902,224.182,48.53093655,0.0,Class_2
1.802209625,-0.381037461,5.664388691,2.310226101,0.0,0.300368271,2.433,0.433333333,7.493687484,9.842101515,0.566666667,121.38,3.355587229,107.2548,34.497071,21.4134846,-1.904603258,33.38070895,6.409518678,396.354,16.30996314,30.63916437,-2.051040331,2.083526208,0.158239217,30.63916437,0.200595045,2.699849609,-0.504229136,10.00505025,6.945502844,2.754985608,15.14738319,2.754985608,6.0,3.0,59.05260909,4.339660179,8.555742402,0.403120698,0.158239217,2.103735638,0.0,14.6514938,0.504229136,384.258,36.39820241,30.63916437,Class_0
57.1861238,0.332956007,6.09629993,2.409342461,89.63269594,0.332956007,3.5268,0.5,13.79534229,6.256392387,0.729166667,317.08,3.761436116,191.3526,0.0,33.17011496,-1.955248656,135.1841199,11.7165108,634.672,15.05908933,55.83729686,-2.039286665,1.519105374,0.164332247,39.87182817,0.106677355,3.736825786,-0.397042624,10.06150949,9.101371528,6.108756824,24.92088588,6.108756824,18.0,4.0,2.61110587,8.644860596,14.6114848,1.189929319,0.164332247,2.241956139,48.53093655,1.331824029,0.397042624,608.464,48.53093655,0.0,Class_1
3.67047792,-0.404338042,7.576273795,2.527166706,89.10264069,0.333453851,6.2567,0.695652174,10.79612819,10.5299122,1.0,222.2,3.22205751,170.9524,22.99804733,31.7559014,-2.012635851,77.39464626,11.78009025,652.626,32.14075998,49.98641845,-2.165360113,1.479528198,0.159051586,58.73349842,0.097923737,3.801590131,-0.504243464,10.10714431,8.677826152,7.35395136,24.32928223,6.253956065,8.0,5.0,85.37364822,9.293847839,14.83461474,0.404423938,0.159051586,2.310517995,24.26546827,-3.153095357,0.504243464,636.498,57.25633513,40.85221916,Class_0
0.0,-0.334523075,6.263049358,2.448460176,32.31734529,0.334523075,3.3798,0.416666667,8.040668934,9.820161775,0.541666667,121.38,1.765380917,88.9488,34.497071,17.17084392,-1.849451075,32.31734529,5.659518678,324.288,16.31007882,30.63916437,-2.131227141,2.397005548,0.157557626,30.63916437,0.217758796,2.530208529,-0.504244761,9.928829396,4.483195416,3.067485608,12.14738319,3.067485608,6.0,4.0,61.96646951,4.214660179,7.055742402,0.403884721,0.157557626,2.156552948,68.7155477,-2.007138448,0.504244761,312.192,36.39820241,30.63916437,Class_1
17.31088908,-0.587168577,6.340502654,2.52451815,49.37950411,0.186657218,2.1264,0.666666667,3.570663265,10.05830425,0.888888889,199.44,1.872323703,102.186,49.37950411,19.78157438,-1.972015219,0.0,6.241605136,369.333,16.3112411,47.8401668,-2.180044366,2.528924048,0.181158335,30.63916437,0.126403532,2.614213216,-0.504189363,9.900594409,4.944717801,3.498150439,13.64738319,3.498150439,12.0,4.0,61.45332278,4.760427559,7.689716998,0.405773491,0.181158335,2.231717633,34.35777385,-3.334875126,0.504189363,354.213,18.19910121,30.63916437,Class_2
34.0,0.179814815,6.019830862,2.393602351,34.12431765,0.179814815,-0.8202,0.416666667,0.0,5.486851852,0.5,156.12,0.815105762,52.9164,34.12431765,9.464101615,-2.100569729,0.0,2.482050808,168.204,14.85093307,34.40200486,-2.126319832,3.603567451,0.082530878,0.0,0.277734269,2.081571824,-0.395254925,10.12205157,2.260633977,0.870512702,6.464101615,0.870512702,12.0,1.0,0.0,1.741025404,3.232050808,1.612554544,0.082530878,2.120761544,0.0,0.0,0.395254925,156.108,0.0,0.0,Class_2
0.0,-0.295434146,7.312469784,2.649924398,94.52722242,0.295434146,5.3373,0.444444444,0.0,10.57079011,0.592592593,121.38,1.189295356,108.6558,34.497071,18.51362519,-1.82083063,60.51686479,9.684434054,414.441,32.13587979,30.63916437,-2.098779303,2.100773852,0.176783547,30.63916437,0.14719487,3.32323296,-0.503232927,9.928829396,3.86226883,7.979992399,15.35751619,4.370407663,6.0,4.0,67.53107285,9.047697497,10.2658754,0.413320389,0.176783547,2.335038588,0.0,-1.772604875,0.503232927,408.393,0.0,30.63916437,Class_1
0.166666667,-1.063019652,5.910581912,2.032250721,11.93861058,0.083333333,1.083,1.083333333,5.022962963,10.33465372,1.25,74.6,1.601892952,40.3606,11.12690298,9.137828202,-1.989955982,0.0,2.187655398,166.132,16.36879467,10.21305479,-1.942097043,3.006149834,0.335179028,22.15166537,0.688908808,2.042910953,-0.477639246,10.13634719,3.04193048,0.755381829,6.020324849,0.755381829,2.0,1.0,16.9337689,1.37880133,3.176829091,0.068094337,0.335179028,2.042724159,24.26546827,-2.126039305,0.477639246,160.084,24.26546827,9.589074368,Class_0
-1.841623992,-0.613874664,6.425393069,2.461910966,64.63469057,0.005324232,3.2334,0.5,6.66742221,13.65998011,0.722222222,172.59,2.086028089,133.8348,64.63469057,25.36699634,-1.993319641,0.0,8.896891113,480.384,16.31039531,30.63916437,-2.026616651,1.996608099,0.19459155,30.63916437,0.178199306,3.369147275,-0.504244737,9.989180374,6.02460803,5.557764128,17.87212806,5.557764128,6.0,7.0,61.42304414,7.067222552,10.66811484,0.40468149,0.19459155,2.282235542,52.55687505,-3.228782678,0.504244737,468.288,50.78181396,45.02277592,Class_1
0.291549009,-0.487961913,6.357664371,2.472050086,76.20118047,0.072887252,7.026,0.354166667,16.69054403,14.30278512,0.5,195.98,3.396929122,178.1034,22.25380597,33.49638837,-2.206573629,64.63469057,12.09102454,636.568,16.31391906,40.85221916,-2.21613778,1.401656848,0.194058947,52.41870905,0.063221647,3.058092116,-0.504244761,9.791860533,8.859140091,7.222295951,24.32240858,7.222295951,8.0,8.0,88.05785145,9.493774387,14.6253059,0.097939784,0.194058947,2.321346995,137.4310954,-4.312181389,0.504244761,616.408,72.79640482,50.44129353,Class_1
19.35333333,-0.690185185,6.23159822,2.112627508,11.56648989,0.341018519,-2.6038,0.75,0.0,11.01351852,0.916666667,138.22,0.815105762,40.8156,22.78815725,9.464101615,-2.365913337,0.0,2.312948829,168.156,16.14597776,22.93466991,-2.129675136,3.316452212,0.228256039,11.56648989,0.292315581,2.081571824,-0.393696755,10.01172774,2.260633977,0.779421671,6.125897658,0.779421671,8.0,0.0,0.0,1.558843341,3.062948829,-0.11628959,0.228256039,2.279190245,0.0,-1.38037037,0.393696755,160.092,22.78815725,9.589074368,Class_0
3.701958997,-0.319194264,7.327237955,2.564309841,32.07341159,0.277196682,7.2756,0.6,17.81951738,10.32265822,0.9,161.84,4.063343324,154.7644,45.99609467,28.29179978,-1.816889654,43.13500334,11.12583627,572.616,32.1361686,40.85221916,-2.092871604,1.735610503,0.157541255,40.85221916,0.102252236,3.469169976,-0.504259628,9.986324258,9.296201966,7.506895037,21.95540174,4.552380751,8.0,4.0,80.85644352,9.167964327,13.44047961,0.40369977,0.157541255,2.259403775,82.91747665,-2.380852839,0.504259628,552.456,72.79640482,40.85221916,Class_1
8.46089947,-0.888247881,5.812084424,2.775305308,0.0,0.288571462,8.6242,1.019230769,0.0,16.04541969,1.788461538,161.84,2.621652692,179.8424,40.3141541,35.2867634,-2.526283328,33.43862718,16.35303192,698.674,19.14403869,40.85221916,-2.63218536,1.29393132,0.160815195,40.85221916,0.133608996,3.102184315,-0.508098404,9.39198097,8.195736367,13.52298341,26.88064309,13.52298341,8.0,1.0,92.40711983,14.75294182,17.74373956,0.174599411,0.160815195,2.667907311,104.2812879,-12.11320373,0.508098404,670.45,139.7738548,40.85221916,Class_2
0.0,0.752314815,8.104656505,2.086471447,29.16719668,0.752314815,1.2969,1.875,0.0,4.845401235,2.125,3.24,1.356171274,42.391,0.0,5.983127663,-2.204810727,0.0,3.089600055,147.268,32.14267056,4.899909731,-2.119348579,2.349936739,0.132777164,22.30995663,0.406185915,2.115968032,-0.357727181,10.39358405,2.688486328,1.290992156,6.342026378,0.90841797,0.0,0.0,0.0,1.917624733,3.639255159,0.539308994,0.132777164,2.101533069,12.84164325,0.0,0.357727181,138.196,0.0,0.0,Class_0
0.0,-0.94406436,6.343113581,2.554785823,64.63469057,0.037480894,6.8394,0.805555556,22.70210697,11.52312217,1.472222222,121.38,2.395844875,141.4668,21.90818448,24.87758622,-1.893447346,21.54489686,9.078534293,474.468,16.34449328,30.63916437,-2.17886093,1.883474502,0.204599743,30.63916437,0.061944282,2.894940706,-0.506628539,9.875922082,6.733367037,5.510907192,18.6114848,5.510907192,6.0,7.0,71.04297308,7.203885565,11.3057424,0.349762262,0.204599743,2.25246786,61.96903778,-3.745080056,0.506628539,456.324,72.79640482,30.63916437,Class_0
6.44834563,0.597168543,6.058354612,2.36092772,44.13360574,0.597168543,6.8692,0.55,32.24029845,5.015073381,0.825,108.92,3.010061728,156.0534,0.0,26.20816706,-1.824807418,45.88632688,9.792009903,514.552,15.05458987,9.967957042,-1.959806073,1.514220409,0.16425239,39.87182817,0.228577422,3.728016802,-0.32375773,10.09706617,7.874272387,5.59078743,20.92088588,5.59078743,2.0,4.0,3.820335036,7.460387925,12.99268265,1.189967501,0.16425239,2.211523774,0.0,2.388674174,0.32375773,496.408,97.0618731,0.0,Class_1
0.0,0.846351796,7.838505458,2.41391844,108.0900802,0.846351796,6.8784,0.416666667,12.33783919,4.53847042,0.541666667,0.0,2.625986032,122.472,0.0,17.17084392,-1.871185293,0.0,8.550352803,420.696,32.1244743,0.0,-2.144600818,2.397005548,0.018038271,0.0,0.129645206,2.530208529,-0.142268481,9.941067989,6.179723727,4.229380611,17.51394633,3.067485608,0.0,4.0,6.686560847,6.963853517,9.739023975,1.282962627,0.018038271,2.131897272,68.7155477,0.0,0.142268481,408.6,65.77110326,0.0,Class_0
23.57407407,0.464537037,5.778288349,2.234231495,22.7495451,0.464537037,0.0154,0.8,3.092592593,5.428981481,1.0,104.08,0.906991215,44.0916,0.0,7.723614639,-1.999123979,22.7495451,2.11004234,138.174,14.72740008,22.93466991,-2.030264265,3.282462907,0.056951688,0.0,0.379030761,1.841127075,-0.396998433,10.19826423,1.982580224,0.668393829,5.464101615,0.668393829,8.0,1.0,0.0,1.288675135,2.809401077,1.635717761,0.056951688,1.974709166,12.13273414,0.0,0.396998433,128.094,12.13273414,0.0,Class_0
-4.899444444,-1.67537037,5.804699373,2.541692111,17.06215882,1.454259259,0.528,0.777777778,0.0,10.46226002,0.888888889,190.11,1.662822241,51.3996,0.0,14.19615242,-1.993659013,0.0,2.862970142,261.102,16.64380313,15.31958218,-2.030457193,3.938405305,0.366399267,30.08951533,0.513522477,2.135213361,-0.497094022,10.15397895,4.00313816,1.19172045,8.132771316,1.19172045,3.0,1.0,58.90155329,1.893542951,3.937085902,-0.406679736,0.366399267,2.425459455,0.0,-5.026111111,0.497094022,258.078,0.0,45.66253699,Class_2
0.254465703,-0.451065497,6.457092818,2.56767344,65.02612008,0.084821901,3.3378,0.633333333,0.0,10.60675333,0.9,160.05,1.327796146,108.4098,32.7087748,20.63494553,-1.976033866,32.31734529,7.403083253,399.318,16.31169869,30.63916437,-2.21616115,2.079919234,0.184624013,45.59109993,0.127629243,2.764339486,-0.503735961,9.854520384,4.380703067,4.839419419,14.75697317,4.839419419,6.0,4.0,66.85692208,6.097849745,8.903083253,0.410002604,0.184624013,2.302164117,0.0,-2.61371016,0.503735961,390.246,18.59053071,30.63916437,Class_0
2.13313933,-0.366293377,6.361108388,2.465797764,34.56901818,0.310050548,2.7977,0.677419355,7.80111804,10.03287548,0.967741935,161.7,2.177610952,109.7448,34.497071,21.60156534,-2.476958361,51.25937266,7.215855293,416.349,16.31021302,30.63916437,-2.379946238,1.761643258,0.159118383,53.04593346,0.307036046,2.719367039,-0.504242164,9.971448907,5.448033814,3.847433039,15.43623757,3.847433039,6.0,3.0,59.99771207,5.3158163,9.068203581,0.403022322,0.159118383,2.399953125,18.19910121,-1.257852381,0.504242164,404.253,51.37541661,30.63916437,Class_1
0.0,1.412037037,7.254271145,2.245361889,32.07341159,1.412037037,2.9628,1.375,4.314814815,2.157407407,1.875,0.0,0.501192714,39.702,0.0,5.397341225,-1.326792338,0.0,3.465091047,140.232,32.13607061,0.0,-1.634514629,3.062247833,0.045001368,0.0,0.527461214,2.150348863,-0.142903986,10.53508825,1.569314512,2.521262994,5.75889082,0.697234872,0.0,0.0,4.252314815,2.965099943,4.13297537,2.235624148,0.045001368,1.902762696,22.89285968,0.0,0.142903986,136.2,22.89285968,0.0,Class_2
0.0,-1.202202211,6.263049358,2.409051874,114.0228755,0.129871032,2.3238,0.444444444,0.0,10.67159011,0.592592593,121.38,1.438940488,105.8448,34.497071,18.51362519,-1.979705879,20.4125693,15.36143874,701.04,16.32023679,0.0,-2.106834914,2.100773852,0.159118383,91.93212526,0.082174129,3.32323296,-0.477639247,10.02937223,4.523188476,14.67253056,19.89911994,4.370407663,6.0,4.0,69.22956173,15.74023565,14.80747915,0.403884721,0.159118383,2.188862533,0.0,-0.77922619,0.477639247,694.992,0.0,30.63916437,Class_2
0.0,0.585648148,7.733447139,1.822622641,24.43574689,0.585648148,1.80178,1.375,0.0,4.762268519,1.625,31.58,1.019024129,36.8114,0.0,5.983127663,-1.753158505,9.281178535,2.096753339,144.224,32.09408265,9.967957042,-1.803725188,3.586135822,0.137949702,9.967957042,0.543991943,1.768177215,-0.349038758,10.77127845,2.192057058,0.619736291,5.604190281,0.365802397,2.0,0.0,0.0,1.491577176,2.885428474,1.158616413,0.137949702,1.736022647,0.0,0.0,0.349038758,140.192,12.39368714,0.0,Class_1
49.76354374,0.101444924,6.222975268,2.456922896,83.94530966,0.101444924,3.1318,0.958333333,16.82382681,6.760676337,1.541666667,306.22,3.413457843,190.7299,62.75486736,33.17011496,-2.087228688,44.84251485,11.51624994,634.672,15.33257626,50.96232113,-2.099705885,1.568567214,0.16641421,39.56395209,0.08546772,3.793823326,-0.396978274,10.03248984,9.101371528,6.403989858,24.94544974,6.403989858,17.0,4.0,2.251331609,8.830536562,14.64147081,1.046681889,0.16641421,2.272270924,6.066367068,7.926643371,0.396978274,608.464,54.59730362,0.0,Class_1
0.0,1.294953704,6.263049358,2.409051874,122.8476003,1.294953704,-7.1568,0.416666667,0.0,2.621712963,0.5,0.0,2.285935834,67.14,0.0,9.464101615,-1.979705879,0.0,7.721370023,551.874,16.32023679,0.0,-2.106834914,3.603567451,0.159118383,96.07636959,0.281448825,2.081571824,-0.477639247,10.02937223,4.907908531,5.980342506,16.94274005,0.672910197,0.0,1.0,0.0,11.96068501,8.471370023,0.403884721,0.159118383,2.188862533,0.0,0.0,0.477639247,545.826,0.0,0.0,Class_2
0.0,-0.348492396,6.332386022,2.47803632,64.63469057,0.340202757,6.2506,0.289473684,14.85866957,10.34569116,0.421052632,161.84,2.735718519,144.7964,45.99609467,26.6180732,-1.884418174,64.63469057,9.489400576,506.466,16.31357349,40.85221916,-2.165894471,1.832979467,0.157557626,40.85221916,0.067982413,2.877795574,-0.504244761,9.877190714,7.043537047,5.581006214,19.35121146,5.581006214,8.0,7.0,89.22944437,7.357580777,11.56235707,0.404288356,0.157557626,2.188862533,125.2983613,-2.754780611,0.504244761,488.322,60.66367068,40.85221916,Class_2
4.247864072,-0.348736445,5.958157447,2.460368314,0.0,0.307919591,5.9994,0.447368421,20.73265678,10.21041396,0.631578947,161.84,4.307294414,141.5044,45.99609467,27.13709924,-1.92744916,44.50761193,8.757349769,510.498,16.31344797,40.85221916,-2.190124261,1.887534574,0.157511762,40.85221916,0.136561392,2.896838251,-0.504259628,9.85063214,9.179379748,4.318909149,19.66061253,4.318909149,8.0,5.0,80.31276996,6.303365188,11.39569041,0.403649374,0.157511762,2.19005287,105.1712826,-2.626624144,0.504259628,488.322,84.92913896,40.85221916,Class_1
0.0,0.798611111,7.805395429,2.713011297,12.62878915,0.798611111,3.2329,1.2,0.0,4.994560973,1.866666667,0.0,0.798642549,63.779,0.0,9.731686329,-2.654466834,0.0,7.788116964,220.381,32.11699689,0.0,-2.708271832,1.692398045,0.007901007,5.24993803,0.595357283,2.256997417,-0.175326575,9.35522024,2.443801137,7.577568,10.07332712,6.891941906,0.0,0.0,0.798611111,7.798116273,7.523746241,-0.198392795,0.007901007,2.651790727,79.44735648,8.982067901,0.175326575,200.221,0.0,0.0,Class_0
-2.744444444,-0.457407407,7.104910088,1.99125769,34.27011002,0.457407407,0.11862,0.416666667,0.0,7.124074074,0.5,143.1,0.815105762,46.3602,0.0,9.464101615,-2.472419492,0.0,2.25,162.156,14.72510748,0.0,-2.158403919,3.254943487,0.108506709,34.27011002,0.287362396,2.081571824,-0.296384858,9.890841416,2.260633977,0.75,6.0,0.75,6.0,0.0,42.74444444,1.5,3.0,1.438356642,0.108506709,2.306688306,0.0,0.0,0.296384858,156.108,0.0,0.0,Class_2
8.852450918,-1.087222222,6.511305286,2.227924647,35.19475268,0.149022109,-1.0635,1.217391304,0.0,12.00435248,1.652173913,194.41,2.828522062,76.8021,30.36917874,17.14589989,-2.318817675,0.0,4.150686638,318.249,16.2490208,26.99717835,-2.15010337,2.413859735,0.232863481,42.51472519,0.252980672,2.466224975,-0.514674141,9.842815694,5.928376585,1.720840353,11.34756419,1.720840353,7.0,0.0,20.34550312,2.741559285,5.952461809,-0.123900764,0.232863481,2.38496462,0.0,-3.685575607,0.514674141,308.169,35.44342938,14.38361155,Class_2
0.0,-1.056168899,6.362655251,2.592718055,64.63469057,0.139602282,6.2506,0.526315789,18.8973654,10.98508896,0.842105263,161.84,2.43058767,144.7964,32.31734529,26.6180732,-1.903331624,0.0,9.323397619,506.466,16.35086534,40.85221916,-2.189449803,1.920952959,0.204477788,40.85221916,0.051791783,2.944543138,-0.503714112,9.868433701,7.043537047,5.771806801,19.35121146,5.771806801,8.0,7.0,89.86426118,7.464044765,11.59825546,0.348997484,0.204477788,2.289239576,55.22252785,-7.428293254,0.503714112,488.322,60.66367068,40.85221916,Class_1
0.705,-0.255555556,5.308111243,1.989294107,0.0,0.255555556,1.807,1.777777778,5.814537037,12.15441043,2.222222222,0.0,1.297733132,34.335,5.817220841,6.690234444,-1.730572793,5.563451492,1.651230592,120.126,19.14213818,0.0,-1.861760653,3.056038396,0.122794941,0.0,0.457852336,1.900372628,-0.207010991,10.21521799,2.320364844,0.546113658,4.764715819,0.546113658,0.0,1.0,0.0,1.010888337,2.549024576,0.627482531,0.122794941,1.855253133,24.26546827,2.131944444,0.207010991,115.086,24.26546827,4.390415048,Class_0
39.19830499,0.515706832,6.278785035,2.410685024,66.44166293,0.515706832,2.6394,0.416666667,11.13463152,6.017343999,0.541666667,156.12,1.765380917,105.4344,0.0,17.17084392,-1.987322642,34.12431765,6.080127019,318.384,14.68470146,34.40200486,-2.148824676,2.397005548,0.055396127,0.0,0.216027809,2.530208529,-0.397044198,9.919094053,4.483195416,3.236538106,12.92820323,3.236538106,12.0,4.0,5.667063492,4.540063509,7.446152423,1.698118477,0.055396127,2.132892952,68.7155477,0.0,0.397044198,300.24,36.39820241,0.0,Class_1
4.023391715,-1.189324092,6.011393472,2.701587547,33.43862718,0.223048804,4.041,0.366666667,14.11146969,15.73727434,0.5,121.38,3.710819062,202.1388,33.38070895,41.26989107,-2.625606091,64.75052703,16.73197202,810.702,19.16527684,30.63916437,-2.625062834,1.390400153,0.158975314,30.63916437,0.101949017,3.198760715,-0.50424489,9.394918213,10.55771015,12.56516973,30.34337326,12.56516973,6.0,6.0,68.43594025,14.32891282,19.13578824,0.145995409,0.158975314,2.637984606,170.9276408,-14.99444772,0.50424489,786.51,72.79640482,30.63916437,Class_1
1.098536575,-0.407980535,6.289058176,2.457409535,65.15659659,0.274634144,5.0406,0.421052632,10.52081621,10.29750522,0.605263158,187.62,2.705059546,140.3864,22.06680287,26.6180732,-1.943859852,43.08979372,9.164058892,508.442,16.31360961,40.85221916,-2.150609498,1.832979467,0.157616079,50.8201762,0.07828318,2.877795574,-0.50424475,9.956371044,6.978265961,5.16886565,19.09093811,5.16886565,8.0,6.0,85.24514249,6.955506319,11.30208373,0.404270519,0.157616079,2.207437184,70.07583341,-3.218635486,0.50424475,492.314,48.53093655,40.85221916,Class_1
0.0,1.277777778,4.353613628,1.495069506,0.0,1.277777778,-0.7334,1.0,0.0,3.361111111,1.166666667,51.56,0.453416053,17.622,0.0,4.242640687,-1.81488058,0.0,0.692820323,82.066,15.23961129,0.0,-1.676386467,3.0,0.160231588,20.39472723,0.413589428,1.719973094,-0.135300507,11.30469529,1.395522956,0.16544498,2.94355492,0.16544498,0.0,0.0,13.44444444,0.339892445,1.432795559,0.852689379,0.135300507,1.607419742,0.0,0.0,0.160231588,80.05,12.65464015,0.0,Class_0
0.0,-1.09462963,5.696488959,2.537614999,0.0,1.09462963,-0.0798,0.416666667,0.0,8.761296296,0.5,121.38,0.815105762,36.4308,0.0,9.464101615,-1.765028551,0.0,2.091640786,174.108,16.37433334,30.63916437,-2.063328389,3.603567451,0.208072258,30.63916437,0.241447615,2.081571824,-0.501506811,10.20667981,2.260633977,0.672910197,5.683281573,0.672910197,6.0,1.0,52.56777778,1.345820393,2.841640786,0.302581234,0.208072258,2.216372767,0.0,-6.567777778,0.501506811,168.06,0.0,0.0,Class_0
0.0,0.675432099,7.878925528,2.402636281,75.77273489,0.675432099,3.4188,0.416666667,0.0,4.21345679,0.5,0.0,1.880522001,69.954,0.0,9.464101615,-1.84340019,29.37290085,4.774922359,270.516,32.12665603,0.0,-2.106834914,3.603567451,0.03311253,0.0,0.382529465,2.081571824,-0.141089199,10.33308566,4.229502806,2.54373059,11.04984472,0.672910197,0.0,1.0,0.0,5.08746118,5.524922359,0.892006835,0.03311253,2.117325462,0.0,0.0,0.141089199,264.468,29.37290085,0.0,Class_2
0.0,-0.25449523,6.263584598,2.456486915,32.31734529,0.232004678,7.8868,0.75,9.828761796,10.28692376,1.055555556,99.38,5.324883448,144.8932,22.99804733,25.65612529,-2.029240693,46.25768445,9.435783164,492.612,16.51909083,29.89983549,-2.174904241,1.875384035,0.161321228,33.63987351,0.091153291,2.860864146,-0.504244761,9.927945801,11.46367919,4.698133673,21.14052039,4.698133673,4.0,4.0,45.26005045,6.694740511,13.00834093,0.25919516,0.161321228,2.176083497,81.55719094,0.287565136,0.504244761,456.324,36.39820241,20.42610958,Class_1
3.660885034,-0.369751638,6.996895983,2.45248314,66.37328851,0.356595,5.5303,0.651162791,14.43444672,10.38254878,0.930232558,197.48,3.241203328,159.4114,45.99609467,29.89409408,-1.998430902,66.01987371,10.69680569,594.561,32.14068368,49.98641845,-2.133088562,1.489645063,0.159051576,58.73349842,0.117785847,3.64243937,-0.504243464,10.12147884,8.237425088,6.410121606,22.36481071,5.846001796,8.0,5.0,84.49231224,8.298563014,13.45263964,0.404423938,0.159051576,2.236489317,36.39820241,-2.905386551,0.504243464,576.417,60.66367068,40.85221916,Class_1
0.639660494,-0.18462963,7.967887276,2.00259495,17.74406608,0.18462963,1.7566,1.777777778,8.942253086,10.5095679,2.111111111,17.07,1.573506415,39.7585,5.11527693,6.690234444,-1.844977293,5.563451492,2.077358952,138.191,32.11694775,0.0,-1.880981889,2.981454614,0.215825668,5.11527693,0.584979992,1.900372628,-0.28185341,10.2311149,2.688486328,0.729801032,5.636640423,0.580729834,0.0,1.0,-0.18462963,1.278938533,3.035628141,0.108656831,0.215825668,1.935986426,0.0,0.0,0.28185341,132.143,30.33183534,4.794537184,Class_0
0.0,-1.000945137,6.397607302,2.590087249,53.86224214,0.058096445,5.0974,0.588235294,13.25356506,11.09707735,1.176470588,161.84,2.114205795,127.2904,37.7035695,24.04915909,-1.907840423,16.15867264,8.130021946,456.406,16.34519354,40.85221916,-2.196219126,2.15175236,0.20447777,40.85221916,0.08895038,2.853003236,-0.50381398,9.864489754,6.291937419,5.012479693,17.19651092,5.012479693,8.0,6.0,86.88548746,6.472797766,10.19355492,0.350732799,0.20447777,2.287842252,16.15867264,-6.139052522,0.50381398,440.278,48.53093655,40.85221916,Class_2
0.0,0.28037037,7.79890533,2.107624355,12.62878915,0.28037037,1.6809,1.625,6.668209877,8.722716049,2.0,20.23,1.168040705,35.3588,5.749511833,5.983127663,-1.617709281,0.0,2.032795559,126.18,32.11691033,5.106527395,-1.881023987,3.032455532,0.115154489,5.106527395,0.506639715,1.769973094,-0.507965611,10.33934831,2.092227095,0.601703598,5.098255459,0.452632399,1.0,1.0,8.722716049,1.14785164,2.715794396,0.474639384,0.115154489,1.823249742,24.26546827,0.28037037,0.507965611,120.132,29.16095175,0.0,Class_1
2.661145125,0.602800454,5.650146454,2.229160962,0.0,0.602800454,3.0576,0.625,11.26185185,4.606001512,0.875,77.34,2.846959301,89.52,0.0,16.19202368,-1.99816059,17.47321349,5.01389678,312.336,15.0329935,0.0,-2.072398886,1.915820969,0.163706346,29.90387113,0.578383,2.695747373,-0.264687993,10.17566414,6.293745804,2.266188961,12.6114848,2.266188961,0.0,0.0,0.0,3.45096851,7.372884933,1.067897936,0.163706346,2.111914861,36.39820241,1.808401361,0.264687993,300.24,73.57926384,0.0,Class_0
14.51,-0.570185185,5.871347204,2.468810133,17.06215882,0.34462963,-0.45,0.75,0.0,9.066851852,0.916666667,138.75,0.815105762,44.6736,17.06215882,9.464101615,-1.9747231,0.0,2.286845797,171.156,16.28315034,32.52058462,-2.094291693,3.603567451,0.169083752,15.31958218,0.177389167,2.081571824,-0.503769508,10.16304409,2.260633977,0.771711449,6.073691594,0.771711449,9.0,1.0,27.20055556,1.530721233,3.036845797,0.438300304,0.169083752,2.168081949,0.0,-1.710555556,0.503769508,162.084,0.0,0.0,Class_0
1.988240741,0.736715797,7.710742505,2.204880377,34.02372331,0.736715797,3.44559,1.8,12.03995607,5.119101002,2.733333333,28.68,1.320709325,64.4337,0.0,10.25071238,-1.840118085,0.0,3.867321642,212.277,32.09199362,4.983978521,-2.014557808,2.631600572,0.103241306,9.967957042,0.456483346,2.287029952,-0.344325665,10.1228556,3.137017426,1.931422578,8.713410351,1.761319124,1.0,1.0,2.260787037,2.707461482,5.12088713,1.354295063,0.103241306,1.99615416,18.19910121,0.0,0.344325665,204.213,42.59504598,0.0,Class_1
0.0,-0.387331114,6.387532976,2.514320791,129.2693811,0.379141009,11.9922,0.166666667,28.74690099,10.91527191,0.242424242,242.76,4.700375397,256.4916,68.994142,45.51253175,-1.910185951,129.2693811,17.14916437,870.822,16.3208221,61.27832874,-2.191891194,1.339220241,0.157557626,61.27832874,0.038679724,3.287918766,-0.504244761,9.842417941,12.18253038,10.60804743,33.75886799,10.60804743,12.0,13.0,143.8519318,13.64342197,20.57558642,0.404298529,0.157557626,2.226548882,238.4639884,-4.59883274,0.504244761,840.582,109.1946072,61.27832874,Class_2
42.22175154,0.422405045,5.758950738,2.243994666,34.12431765,0.422405045,1.6926,0.433333333,10.18081711,5.981177591,0.566666667,156.12,3.355587229,123.7404,0.0,21.4134846,-1.998960706,67.5050266,6.830127019,390.45,14.67798456,34.40200486,-2.068821881,2.083526208,0.056071728,0.0,0.198138364,2.699849609,-0.397025504,9.995114197,6.945502844,2.924038106,15.92820323,2.924038106,12.0,3.0,0.0,4.665063509,8.946152423,1.533174941,0.056071728,2.079919407,36.39820241,18.59743134,0.397025504,372.306,36.39820241,0.0,Class_2
1.549956538,-0.096617536,6.017685143,2.192043875,21.80584986,0.096617536,2.0763,1.8,11.18052201,11.24378449,2.733333333,45.75,1.205349967,59.8697,5.559266895,10.25071238,-2.023021987,0.0,3.427495237,196.209,16.13765826,4.983978521,-2.007067793,2.631600572,0.247957584,9.967957042,0.55931298,2.287029952,-0.320088599,10.12204537,2.916788901,1.761319124,7.89691377,1.761319124,1.0,1.0,2.034861111,2.469316646,4.712638839,1.300140428,0.247957584,2.003671004,12.13273414,0.0,0.320088599,188.145,47.38958317,4.794537184,Class_0
-0.719704376,-1.627108004,6.124873626,2.380346589,34.97007469,0.048425926,4.251,1.035714286,19.99228695,12.0060097,1.428571429,115.14,3.407807547,102.0029,5.687386275,20.25878407,-2.201790804,11.37477255,5.804215087,377.352,16.37759558,20.21949192,-2.272170687,2.38175154,0.338252244,33.22749805,0.587979094,2.686179026,-0.477620032,9.971526012,7.627340251,2.976235305,14.44180248,2.976235305,3.0,3.0,28.6222624,4.111174256,8.18606403,0.063340834,0.338252244,2.296500953,36.39820241,-4.678233497,0.477620032,362.232,72.79640482,29.70319374,Class_2
1.678293231,0.481672336,5.549419654,2.136551198,0.0,0.481672336,1.3906,0.833333333,7.241284958,4.053518519,1.166666667,77.34,2.032491651,64.084,0.0,12.20889601,-1.987448049,11.648809,3.518991056,236.238,15.28530619,0.0,-1.990375631,1.951466169,0.203262434,30.36268428,0.668723856,2.492697633,-0.264687958,10.2366384,4.621827285,1.462353519,9.302083727,1.462353519,0.0,0.0,16.21407407,2.355924314,5.315256622,0.875239161,0.203262434,2.049376507,24.26546827,0.963344671,0.264687958,228.174,49.05284256,0.0,Class_0
9.805555556,0.597222222,4.255808479,1.240213938,0.0,0.597222222,-1.0962,1.25,0.0,4.902777778,1.25,52.04,1.92,18.1088,0.0,3.414213562,-2.114954397,13.08951281,0.577350269,60.1,14.62775903,11.46733495,-1.715708841,1.974744871,0.004613277,13.08951281,0.403495521,1.370950594,-0.329216191,10.7083591,2.92,0.0,2.568914101,0.0,4.0,0.0,0.0,0.166666667,1.316496581,0.976215347,0.004613277,1.540741515,0.0,0.0,0.329216191,52.036,0.0,0.0,Class_0
0.77149051,-0.380202757,6.310804844,2.467533411,64.89564358,0.367980535,5.6456,0.447368421,12.62724289,10.325283,0.710526316,174.73,2.720367053,142.5914,45.99609467,26.6180732,-1.914451391,64.89564358,9.326729734,507.454,16.31359124,40.85221916,-2.158122131,1.832979467,0.157615086,45.83619768,0.073287438,2.877795574,-0.504244761,9.917601419,7.010871757,5.370702043,19.22107478,5.370702043,8.0,6.0,87.01507121,7.152309659,11.4322204,0.404279639,0.157615086,2.197948075,86.9146489,-2.986708048,0.504244761,490.318,54.59730362,40.85221916,Class_1
0.0,-0.287684083,6.552972648,2.630142649,96.95203586,0.287684083,8.6124,0.357142857,21.78175871,11.72835369,0.5,121.38,2.049983689,167.5428,34.497071,28.34168783,-1.976802776,96.95203586,11.22839213,546.534,16.31125617,30.63916437,-2.266751107,1.808689404,0.166296574,30.63916437,0.064336807,3.014169726,-0.503800047,9.767053675,6.699587799,8.001565151,21.6114848,8.001565151,6.0,10.0,79.94434578,9.490952298,13.57369159,0.412025615,0.166296574,2.332890469,32.31734529,-1.726104497,0.503800047,528.39,72.79640482,30.63916437,Class_1
0.0,-4.32034633,7.601919429,2.35880714,36.57305287,0.125991119,0.4458,1.0,7.934624276,11.07268589,1.277777778,115.06,2.699724518,67.3042,10.60907979,13.55204176,-2.055146628,10.77244843,7.012726845,288.132,31.19244643,19.57364641,-2.077383456,2.628001942,0.355734827,19.57364641,0.596200394,2.248507311,-0.321038901,10.12674973,4.280618312,2.734869641,10.75273415,1.582895645,4.0,2.0,0.762878874,4.381845855,8.063153645,0.384967404,0.321038901,2.19155775,35.0379167,0.0,0.355734827,278.052,36.39820241,9.13009657,Class_2
16.39101668,-0.195537866,6.103000786,2.702881492,33.43862718,0.179655907,5.1798,0.574074074,35.3247675,11.1718764,0.962962963,121.38,3.028032866,203.1848,58.16869518,36.04843014,-2.546402726,0.0,15.52233777,700.746,16.31012975,30.63916437,-2.581405893,1.373233382,0.157557202,30.63916437,0.121665502,3.178763904,-0.504244889,9.438099594,9.165366134,11.70888405,28.3849875,11.70888405,6.0,6.0,70.81592877,13.35233711,18.26386095,0.398619014,0.157557202,2.594285609,146.3652505,-1.865046282,0.504244889,672.522,120.3408163,30.63916437,Class_1
0.0,1.590702948,4.770400098,1.685445186,0.0,1.590702948,1.5154,0.642857143,3.444444444,3.921094104,0.928571429,51.56,5.537596215,52.878,0.0,9.899494937,-1.636682113,0.0,2.173754561,186.218,14.68423949,0.0,-1.697736537,3.0,0.045040669,19.93591408,0.6159639,2.217310877,-0.26307099,10.68124852,7.544022315,0.628463304,7.562357074,0.628463304,0.0,0.0,0.0,1.166128892,4.065591118,1.238332311,0.045040669,1.593151671,12.13273414,0.0,0.26307099,176.138,61.70748271,0.0,Class_2
3.160668185,-0.375699238,6.206329126,2.374253296,66.20040861,0.25806007,3.2094,0.416666667,7.57359101,9.975373706,0.555555556,198.72,2.627049511,128.2368,100.6974796,24.87758622,-1.987280759,0.0,8.251371516,480.396,16.31011961,30.63916437,-2.109662102,1.763428911,0.159232533,60.54303549,0.10535078,2.838152008,-0.504205352,10.11904687,6.537081269,4.23263536,17.83066476,4.23263536,6.0,4.0,59.85224223,5.95456806,10.48902397,0.404433347,0.159232533,2.202446039,0.0,-2.254195431,0.504205352,468.3,36.39820241,30.63916437,Class_0
0.0,-0.476694303,6.263049358,2.409051874,101.3889176,0.182256236,2.3238,0.444444444,0.0,10.63969636,0.592592593,121.38,1.31732181,105.8448,34.497071,18.51362519,-1.979705879,25.56089077,13.04659207,555.12,16.32023679,0.0,-2.106834914,2.100773852,0.159118383,74.1498459,0.097198445,3.32323296,-0.477639247,10.02937223,4.204168262,11.94359153,18.0472426,4.370407663,6.0,4.0,68.69214923,13.01129663,12.95560182,0.403884721,0.159118383,2.188862533,0.0,-1.093537415,0.477639247,549.072,0.0,30.63916437,Class_1
0.0,0.090591879,6.245321485,2.305987432,32.31734529,0.090591879,0.33642,0.416666667,9.587650227,7.918752887,0.541666667,143.1,1.765380917,87.6462,32.14338269,17.17084392,-2.246630519,0.0,5.830127019,312.336,14.44773434,0.0,-2.096674134,2.555076475,0.079537363,0.0,0.248905857,2.530208529,-0.29863783,9.933427594,4.483195416,3.136057159,12.46410162,3.136057159,6.0,4.0,52.41234977,4.343588913,7.214101615,1.13877744,0.079537363,2.103857742,68.7155477,0.0,0.29863783,300.24,36.39820241,0.0,Class_2
0.0,-0.259580404,6.263553612,2.455939535,32.31734529,0.238079665,6.3264,0.78125,9.703214072,10.19272061,1.0625,99.38,3.883166073,126.4252,22.99804733,22.82769817,-2.023142342,46.25768445,8.021569602,436.504,16.51907441,29.89983549,-2.172797296,2.061995435,0.161321226,33.63987351,0.146381578,2.769757529,-0.504244761,9.927979276,8.906802076,3.929131272,18.31209327,3.929131272,4.0,4.0,44.85160385,5.694740511,11.00834093,0.26233134,0.161321226,2.174700407,81.55719094,0.223694937,0.504244761,408.28,36.39820241,20.42610958,Class_1
1.802209625,-0.381037461,5.664388691,2.310226101,0.0,0.300368271,2.433,0.433333333,7.493687484,9.842101515,0.566666667,121.38,3.355587229,107.2548,34.497071,21.4134846,-1.904603258,33.38070895,6.409518678,396.354,16.30996314,30.63916437,-2.051040331,2.083526208,0.158239217,30.63916437,0.200595045,2.699849609,-0.504229136,10.00505025,6.945502844,2.754985608,15.14738319,2.754985608,6.0,3.0,59.05260909,4.339660179,8.555742402,0.403120698,0.158239217,2.103735638,0.0,14.6514938,0.504229136,384.258,36.39820241,30.63916437,Class_0
13.16829164,-0.163593927,6.009875787,2.698296352,33.43862718,0.075167496,3.2064,0.388888889,35.71738371,11.18388745,0.537037037,121.38,3.072130129,202.3908,70.00450728,36.04843014,-2.624686461,0.0,15.93302137,702.762,16.31008959,30.63916437,-2.625297627,1.379928439,0.157545709,30.63916437,0.135469032,3.178763904,-0.50424489,9.395222102,9.275925697,12.44618794,28.53968803,12.44618794,6.0,6.0,72.54689319,13.92876179,18.51984402,0.146293625,0.157545709,2.632940627,134.5294384,-1.432568538,0.50424489,672.522,109.1946072,30.63916437,Class_2
5.146069539,-0.521388889,5.352002454,2.08087674,11.50524905,0.047037037,0.572,2.3,2.694907407,10.03696523,2.7,82.05,1.191646314,35.3038,11.50524905,7.560477932,-1.915984567,0.0,1.698373121,139.114,16.62827292,5.733667477,-1.890604006,3.003400685,0.287223876,9.90728957,0.455124305,1.884505361,-0.383695126,10.40709851,2.300610336,0.505496367,5.020324849,0.505496367,2.0,0.0,10.03696523,0.981564679,2.558594729,-0.38470167,0.287223876,2.017794397,6.066367068,0.282962963,0.383695126,134.074,18.32957771,10.11431827,Class_0
4.303346296,-0.376974482,5.965047676,2.403887413,22.06680287,0.291729585,5.8858,0.47826087,20.00586111,10.23318745,0.673913043,213.4,4.75397792,167.6964,45.99609467,32.27492745,-1.988295875,67.09632082,10.48525166,614.57,16.31355714,40.85221916,-2.140605087,1.516243813,0.157570124,60.78813324,0.086122817,3.038744507,-0.504259618,10.01381689,10.41690558,5.094592123,23.44946691,5.094592123,8.0,5.0,80.54013028,7.444769892,13.68454479,0.403653547,0.157570124,2.198661846,84.92913896,-2.811071953,0.504259618,592.394,84.92913896,40.85221916,Class_1
0.0,0.494791667,7.813897952,2.574639285,12.62878915,0.494791667,2.885,1.181818182,0.0,4.850185185,1.454545455,0.0,0.96471413,49.889,0.0,7.474691495,-2.466453254,4.747022453,6.090580375,168.305,32.11712532,0.0,-2.543511767,1.940003547,0.013746635,4.747022453,0.528257269,1.787472376,-0.172470493,9.557404912,1.985033374,4.839528572,7.816332281,4.064931903,0.0,0.0,0.0,4.553634644,5.405715179,0.039249807,0.013746635,2.483561233,56.27864788,3.204861111,0.172470493,152.177,0.0,0.0,Class_1
0.185185185,-0.959490741,5.861962613,1.896737504,5.969305288,0.185185185,0.1079,2.625,0.0,10.00203704,2.875,65.98,0.676380029,25.547,5.563451492,5.983127663,-1.909370959,0.0,1.292130268,112.088,16.36567821,5.106527395,-1.767532913,2.928375237,0.338387604,21.2731963,0.541350947,2.115968032,-0.47755733,10.37988684,1.651203466,0.367846192,3.95737602,0.367846192,2.0,0.0,14.03152778,0.745173058,2.025562034,0.069675377,0.338387604,1.991480839,0.0,-0.959490741,0.47755733,108.056,12.39368714,4.794537184,Class_0
13.33590847,-0.347630648,6.107102548,2.708471027,33.43862718,0.267163623,4.591,0.464285714,29.08607851,11.17932496,0.678571429,161.84,3.192248351,206.5144,69.66771885,37.78891711,-2.546324155,22.25380597,15.86326021,732.744,16.31374236,40.85221916,-2.581381584,1.372494416,0.157557202,40.85221916,0.105337514,3.185434408,-0.504244887,9.437849135,9.481357311,11.78025756,29.12471415,11.78025756,8.0,6.0,93.16590085,13.5399875,18.53842482,0.397742509,0.157557202,2.596723984,158.4979846,-3.587887833,0.504244887,704.52,108.2080822,40.85221916,Class_1
0.136574074,-0.998287037,7.711398775,1.971947595,18.18717873,0.136574074,1.44239,2.4,3.055972222,10.33509259,2.8,53.09,1.21789435,38.586,10.20404076,7.560477932,-1.967792819,0.0,2.126321125,155.178,32.09199361,10.09050592,-1.901479884,3.292254487,0.338209454,16.0598112,0.603200405,1.878744529,-0.47756099,10.28643624,2.616524836,0.813378805,5.812257565,0.589985828,2.0,0.0,8.478981481,1.38634218,3.034120315,0.069556856,0.338209454,2.01174909,12.13273414,-0.998287037,0.47756099,150.138,18.32957771,4.794537184,Class_2
10.11815819,-0.336140156,6.432322113,2.705974018,103.0442665,0.291624696,7.1268,0.366666667,20.79173841,11.30246886,0.5,121.38,4.113562904,232.4508,70.00450728,41.26989107,-2.625018082,61.44769974,19.17517278,909.432,35.50264213,30.63916437,-2.625850638,1.390400153,0.15754571,30.63916437,0.090412941,3.198760715,-0.50424489,9.395115079,11.50532272,13.54715023,34.87894693,12.56516973,6.0,6.0,73.97686811,16.49536302,21.40357508,0.146298445,0.15754571,2.636791975,170.9276408,-3.766589109,0.50424489,885.24,72.79640482,30.63916437,Class_1
3.087520846,-0.373477152,6.263352886,2.445068732,87.22339946,0.357048515,6.137,0.413043478,14.21001972,10.36468915,0.608695652,213.4,3.314245034,170.9884,45.99609467,31.7559014,-1.950799699,87.22339946,11.21730247,610.538,16.31367907,40.85221916,-2.135347135,1.445869294,0.157616079,60.78813324,0.055245743,3.021908824,-0.50424475,9.974053885,8.418286463,6.340032796,23.14006584,6.340032796,8.0,7.0,86.20790675,8.509051587,13.85121146,0.40428955,0.157616079,2.199262307,82.20856754,-2.974475824,0.50424475,592.394,60.66367068,40.85221916,Class_0
