Smiles,conductivity,MaxAbsEStateIndex,MaxEStateIndex,MinAbsEStateIndex,MinEStateIndex,qed,MolWt,HeavyAtomMolWt,ExactMolWt,NumValenceElectrons,MaxPartialCharge,MinPartialCharge,MaxAbsPartialCharge,MinAbsPartialCharge,FpDensityMorgan1,FpDensityMorgan2,FpDensityMorgan3,BCUT2D_MWHI,BCUT2D_MWLOW,BCUT2D_CHGHI,BCUT2D_CHGLO,BCUT2D_LOGPHI,BCUT2D_LOGPLOW,BCUT2D_MRHI,BCUT2D_MRLOW,AvgIpc,BalabanJ,BertzCT,Chi0,Chi0n,Chi0v,Chi1,Chi1n,Chi1v,Chi2n,Chi2v,Chi3n,Chi3v,Chi4n,Chi4v,HallKierAlpha,Ipc,Kappa1,Kappa2,Kappa3,LabuteASA,PEOE_VSA1,PEOE_VSA7,SMR_VSA1,SMR_VSA10,SMR_VSA7,SlogP_VSA2,SlogP_VSA6,TPSA,EState_VSA10,EState_VSA2,EState_VSA3,VSA_EState3,VSA_EState4,VSA_EState5,VSA_EState6,HeavyAtomCount,NHOHCount,NOCount,NumAromaticCarbocycles,NumAromaticRings,NumHAcceptors,NumHDonors,NumHeteroatoms,RingCount,MolLogP,MolMR,fr_benzene,conductivity_class
C#CC1=CC=C(C=C1)F,1.13E-09,12.15441043,12.15441043,0.255555556,-0.255555556,0.457852336,120.126,115.086,120.0375284,44,0.122794941,-0.207010991,0.207010991,0.122794941,1.222222222,1.777777778,2.222222222,19.14213818,10.21521799,1.855253133,-1.861760653,1.989294107,-1.730572793,5.308111243,0.627482531,1.900372628,3.056038396,227.7397024,6.690234444,4.764715819,4.764715819,4.325698503,2.549024576,2.549024576,1.651230592,1.651230592,1.010888337,1.010888337,0.546113658,0.546113658,-1.29,129.2253387,5.839701686,2.320364844,1.297733132,53.32604814,0,24.26546827,4.390415048,0,35.64614061,0,24.26546827,0,4.390415048,5.817220841,5.563451492,0,0.705,2.131944444,5.814537037,9,0,0,1,1,0,0,1,1,1.807,34.335,1,Class_0
C#CC1=CC=CC=C1,1.32E-09,5.099814815,5.099814815,0.9375,0.9375,0.43694442,102.136,96.088,102.0469502,38,0.024207756,-0.114665305,0.114665305,0.024207756,1.125,1.75,2.125,13.80225404,10.22491379,1.75921691,-1.819867116,1.924812575,-1.657695859,5.302311349,1.653105502,1.903491193,3.049388908,191.028337,5.819990956,4.464101615,4.464101615,3.931851653,2.449358737,2.449358737,1.510362971,1.510362971,0.940455735,0.940455735,0.534377897,0.534377897,-1.22,91.36757728,4.927492625,2.181847728,0.885977034,49.16051274,0,12.13273414,0,0,35.89528683,0,30.33183534,0,0,0,0,0,0.9375,2.526944444,9.602407407,8,0,0,1,1,0,0,0,1,1.6679,34.377,1,Class_0
C(=O)1/C(=C\O)/C(=O)/C(=C\NC2=NC(N)=NC(N)=N2)/C(=O)/C/1=C/O,2,12.00435248,12.00435248,0.149022109,-1.087222222,0.252980672,318.249,308.169,318.0712674,118,0.232863481,-0.514674141,0.514674141,0.232863481,0.782608696,1.217391304,1.652173913,16.2490208,9.842815694,2.38496462,-2.15010337,2.227924647,-2.318817675,6.511305286,-0.123900764,2.466224975,2.413859735,753.909339,17.14589989,11.34756419,11.34756419,10.88344781,5.952461809,5.952461809,4.150686638,4.150686638,2.741559285,2.741559285,1.720840353,1.720840353,-3.76,106304.1613,15.62549267,5.928376585,2.828522062,127.6028632,26.99717835,0,24.59666634,35.19475268,35.44342938,42.51472519,35.44342938,194.41,14.38361155,30.36917874,0,20.34550312,8.852450918,-3.685575607,0,23,7,11,0,1,11,5,11,2,-1.0635,76.8021,0,Class_2
C(C1=CC(O)=C(O)C=C1)1=C(C2=CC=C(O)C(O)=C2)N=C2C=C3N=C(C4=CC(O)=C(O)C=C4)C(C4=CC=C(O)C(O)=C4)=NC3=CC2=N1,0.0051,10.23318745,10.23318745,0.291729585,-0.376974482,0.086122817,614.57,592.394,614.1437637,226,0.157570124,-0.504259618,0.504259618,0.157570124,0.260869565,0.47826087,0.673913043,16.31355714,10.01381689,2.198661846,-2.140605087,2.403887413,-1.988295875,5.965047676,0.403653547,3.038744507,1.516243813,2051.503234,32.27492745,23.44946691,23.44946691,22.04975429,13.68454479,13.68454479,10.48525166,10.48525166,7.444769892,7.444769892,5.094592123,5.094592123,-6.82,23561194231,27.9797498,10.41690558,4.75397792,258.2555709,40.85221916,84.92913896,40.85221916,22.06680287,84.92913896,60.78813324,84.92913896,213.4,40.85221916,45.99609467,67.09632082,80.54013028,4.303346296,-2.811071953,20.00586111,46,8,12,5,7,12,8,12,7,5.8858,167.6964,5,Class_1
C(CN)N,2.93E-06,4.902777778,4.902777778,0.597222222,0.597222222,0.403495521,60.1,52.036,60.06874826,26,0.004613277,-0.329216191,0.329216191,0.004613277,1,1.25,1.25,14.62775903,10.7083591,1.540741515,-1.715708841,1.240213938,-2.114954397,4.255808479,0.976215347,1.370950594,1.974744871,6,3.414213562,2.568914101,2.568914101,1.914213562,1.316496581,1.316496581,0.577350269,0.577350269,0.166666667,0.166666667,0,0,-0.08,6.854752972,3.92,2.92,1.92,25.78397454,11.46733495,0,0,0,0,13.08951281,0,52.04,0,0,13.08951281,0,9.805555556,0,0,4,4,2,0,0,2,2,2,0,-1.0962,18.1088,0,Class_0
C(N)1=CC2C#CC3=CC(N)=C(N)C=C3C#CC3=C(C=C(N)C(N)=C3)C#CC=2C=C1N,0.28,5.981177591,5.981177591,0.422405045,0.422405045,0.198138364,390.45,372.306,390.1592946,144,0.056071728,-0.397025504,0.397025504,0.056071728,0.3,0.433333333,0.566666667,14.67798456,9.995114197,2.079919407,-2.068821881,2.243994666,-1.998960706,5.758950738,1.533174941,2.699849609,2.083526208,1142.244614,21.4134846,15.92820323,15.92820323,14.31257084,8.946152423,8.946152423,6.830127019,6.830127019,4.665063509,4.665063509,2.924038106,2.924038106,-4.86,5270041.641,18.5008473,6.945502844,3.355587229,173.7664334,34.40200486,36.39820241,0,34.12431765,69.77891136,0,36.39820241,156.12,0,0,67.5050266,0,42.22175154,18.59743134,10.18081711,30,12,6,3,3,6,6,6,4,1.6926,123.7404,3,Class_2
C(N1C2C=C(O)C(O)=CC=2C2C=C(O)C(O)=CC1=2)1=C2N=S=NC2=C(N2C3C=C(O)C(O)=CC=3C3C=C(O)C(O)=CC2=3)C2=NSN=C12,6.80E-06,10.5299122,10.5299122,0.333453851,-0.404338042,0.097923737,652.626,636.498,652.0471035,226,0.159051586,-0.504243464,0.504243464,0.159051586,0.413043478,0.695652174,1,32.14075998,10.10714431,2.310517995,-2.165360113,2.527166706,-2.012635851,7.576273795,0.404423938,3.801590131,1.479528198,2481.064498,31.7559014,22.69628907,24.32928223,22.1171013,13.37402126,14.83461474,10.72319488,11.78009025,8.236952463,9.293847839,6.253956065,7.35395136,-6.26,51536755835,26.1687071,8.677826152,3.22205751,261.497473,49.98641845,24.26546827,40.85221916,89.10264069,48.53093655,58.73349842,57.25633513,222.2,40.85221916,22.99804733,77.39464626,85.37364822,3.67047792,-3.153095357,10.79612819,46,8,14,5,8,15,8,16,9,6.2567,170.9524,5,Class_0
C(N1C2C=C(O)C(O)=CC=2C2C=C(O)C(O)=CC1=2)1=CC=C(N2C3C=C(O)C(O)=CC=3C3C=C(O)C(O)=CC2=3)C2=NSN=C12,5.80E-05,10.38254878,10.38254878,0.356595,-0.369751638,0.117785847,594.561,576.417,594.0845345,212,0.159051576,-0.504243464,0.504243464,0.159051576,0.395348837,0.651162791,0.930232558,32.14068368,10.12147884,2.236489317,-2.133088562,2.45248314,-1.998430902,6.996895983,0.404423938,3.64243937,1.489645063,2210.738812,29.89409408,21.54831413,22.36481071,20.6171013,12.72234289,13.45263964,10.168358,10.69680569,7.770115327,8.298563014,5.846001796,6.410121606,-6.08,9079558257,24.69503724,8.237425088,3.241203328,242.5078872,49.98641845,36.39820241,40.85221916,66.37328851,60.66367068,58.73349842,60.66367068,197.48,40.85221916,45.99609467,66.01987371,84.49231224,3.660885034,-2.905386551,14.43444672,43,8,12,5,8,13,8,13,8,5.5303,159.4114,5,Class_1
C(N1C2C=C(O)C(O)=CC=2C2C=C(O)C(O)=CC1=2)1=CC=C(N2C3C=C(O)C(O)=CC=3C3C=C(O)C(O)=CC2=3)C=C1,0.000107,10.23518536,10.23518536,0.329254203,-0.335165234,0.133344805,536.496,516.336,536.1219656,198,0.159051564,-0.504243464,0.504243464,0.159051564,0.3,0.5,0.725,16.3137594,10.12147884,2.197543806,-2.12246835,2.436122883,-1.970679101,6.121121289,0.404423938,3.362359289,1.491663017,1906.113388,28.03228676,20.40033919,20.40033919,19.1171013,12.07066453,12.07066453,9.619504182,9.619504182,7.281577809,7.281577809,5.432751819,5.432751819,-5.9,1509622928,23.23387355,7.806118497,3.098543914,223.4643835,49.98641845,48.53093655,40.85221916,43.61169973,72.79640482,49.98641845,72.79640482,171.7,40.85221916,45.99609467,54.98647228,83.61097626,3.309440296,-2.657677746,18.2246171,40,8,10,5,7,10,8,10,7,5.5256,148.4384,5,Class_1
C(O)1=C(N)C(O)=C(N)C(O)=C1N,4.20E-08,9.066851852,9.066851852,0.34462963,-0.570185185,0.177389167,171.156,162.084,171.0643911,66,0.169083752,-0.503769508,0.503769508,0.169083752,0.583333333,0.75,0.916666667,16.28315034,10.16304409,2.168081949,-2.094291693,2.468810133,-1.9747231,5.871347204,0.438300304,2.081571824,3.603567451,232.3030902,9.464101615,6.073691594,6.073691594,5.464101615,3.036845797,3.036845797,2.286845797,2.286845797,1.530721233,1.530721233,0.771711449,0.771711449,-1.98,416.3143648,8.119800399,2.260633977,0.815105762,67.83377647,32.52058462,0,15.31958218,17.06215882,0,15.31958218,0,138.75,0,17.06215882,0,27.20055556,14.51,-1.710555556,0,12,9,6,1,1,6,6,6,1,-0.45,44.6736,1,Class_0
C(O)1=C([N+]([O-])=O)C(O)=C([N+]([O-])=O)C(O)=C1[N+]([O-])=O,0.78,10.46226002,10.46226002,1.454259259,-1.67537037,0.513522477,261.102,258.078,260.9869287,96,0.366399267,-0.497094022,0.497094022,0.366399267,0.611111111,0.777777778,0.888888889,16.64380313,10.15397895,2.425459455,-2.030457193,2.541692111,-1.993659013,5.804699373,-0.406679736,2.135213361,3.938405305,478.129275,14.19615242,8.132771316,8.132771316,8.196152423,3.937085902,3.937085902,2.862970142,2.862970142,1.893542951,1.893542951,1.19172045,1.19172045,-3.18,5167.216334,12.88747638,4.00313816,1.662822241,95.77303154,15.31958218,0,30.08951533,17.06215882,30.34295481,30.08951533,0,190.11,45.66253699,0,0,58.90155329,-4.899444444,-5.026111111,0,18,3,12,1,1,9,3,12,1,0.528,51.3996,1,Class_2
C(O)1=CC2C#CC3=CC(O)=C(O)C=C3C#CC3=C(C=C(O)C(O)=C3)C#CC=2C=C1O,2.40E-06,9.842101515,9.842101515,0.300368271,-0.381037461,0.200595045,396.354,384.258,396.0633881,144,0.158239217,-0.504229136,0.504229136,0.158239217,0.3,0.433333333,0.566666667,16.30996314,10.00505025,2.103735638,-2.051040331,2.310226101,-1.904603258,5.664388691,0.403120698,2.699849609,2.083526208,1142.244614,21.4134846,15.14738319,15.14738319,14.31257084,8.555742402,8.555742402,6.409518678,6.409518678,4.339660179,4.339660179,2.754985608,2.754985608,-4.86,5270041.641,18.5008473,6.945502844,3.355587229,170.4924918,30.63916437,0,30.63916437,0,69.77891136,30.63916437,36.39820241,121.38,30.63916437,34.497071,33.38070895,59.05260909,1.802209625,14.6514938,7.493687484,30,6,6,3,3,6,6,6,4,2.433,107.2548,3,Class_0
C(OCC)1=CC2C3C=C(O)C(O)=CC=3C3C=C(O)C(O)=CC=3C=2C=C1OCC,0.002,10.06370188,10.06370188,0.247226946,-0.266960252,0.30073196,380.396,360.236,380.1259884,144,0.161305067,-0.504244761,0.504244761,0.161305067,0.5,0.75,1,16.51837708,9.928102985,2.170789673,-2.163702056,2.454612113,-1.9849721,6.263512518,0.288270733,2.660510183,2.258042733,1132.799961,19.99927104,15.48366614,15.48366614,13.43909071,9.008340928,9.008340928,6.4835648,6.4835648,4.783509585,4.783509585,3.587209601,3.587209601,-3.54,2242567.978,17.85300812,6.564286565,2.6513388,160.3401906,29.89983549,82.5630221,29.89983549,32.31734529,36.39820241,33.63987351,36.39820241,99.38,20.42610958,22.99804733,46.25768445,44.27919702,0,0.097672047,9.496323854,28,4,6,4,4,6,4,6,4,4.766,107.9572,4,Class_1
C(OCCCC)1=CC2C3C=C(O)C(O)=CC=3C3C=C(O)C(O)=CC=3C=2C=C1OCCCC,0.0006,10.19272061,10.19272061,0.238079665,-0.259580404,0.146381578,436.504,408.28,436.1885886,168,0.161321226,-0.504244761,0.504244761,0.161321226,0.5,0.78125,1.0625,16.51907441,9.927979276,2.174700407,-2.172797296,2.455939535,-2.023142342,6.263553612,0.26233134,2.769757529,2.061995435,1194.709356,22.82769817,18.31209327,18.31209327,15.43909071,11.00834093,11.00834093,8.021569602,8.021569602,5.694740511,5.694740511,3.929131272,3.929131272,-3.54,16127802.3,21.68295782,8.906802076,3.883166073,185.7999591,29.89983549,81.55719094,29.89983549,32.31734529,36.39820241,33.63987351,36.39820241,99.38,20.42610958,22.99804733,46.25768445,44.85160385,0,0.223694937,9.703214072,32,4,6,4,4,6,4,6,4,6.3264,126.4252,4,Class_1
C(OCCCCCC)1=CC2C3C=C(O)C(O)=CC=3C3C=C(O)C(O)=CC=3C=2C=C1OCCCCCC,0.0004,10.28692376,10.28692376,0.232004678,-0.25449523,0.091153291,492.612,456.324,492.2511889,192,0.161321228,-0.504244761,0.504244761,0.161321228,0.444444444,0.75,1.055555556,16.51909083,9.927945801,2.176083497,-2.174904241,2.456486915,-2.029240693,6.263584598,0.25919516,2.860864146,1.875384035,1256.906159,25.65612529,21.14052039,21.14052039,17.43909071,13.00834093,13.00834093,9.435783164,9.435783164,6.694740511,6.694740511,4.698133673,4.698133673,-3.54,114308962.5,25.54985793,11.46367919,5.324883448,211.2597276,29.89983549,81.55719094,29.89983549,32.31734529,36.39820241,33.63987351,36.39820241,99.38,20.42610958,22.99804733,46.25768445,45.26005045,0,0.287565136,9.828761796,36,4,6,4,4,6,4,6,4,7.8868,144.8932,4,Class_1
C(OCCCCCCCCCCCCCCCCCC)1=CC2C3C=C(O)C(O)=CC=3C3C=C(O)C(O)=CC=3C=2C=C1OCCCCCCCCCCCCCCCCCC,1.00E-07,10.55730601,10.55730601,0.217028646,-0.241257336,0.020700751,829.26,744.588,828.6267904,336,0.161321228,-0.504244761,0.504244761,0.161321228,0.266666667,0.45,0.666666667,16.51914174,9.927931191,2.179505086,-2.17557297,2.458544812,-2.030578406,6.263768505,0.258698797,3.241842833,1.254308524,1636.772538,42.62668804,38.11108314,38.11108314,29.43909071,25.00834093,25.00834093,17.92106454,17.92106454,12.69474051,12.69474051,8.94077436,8.94077436,-3.54,1.34327E+13,49.11914454,29.668055,17.44374235,364.0183383,29.89983549,81.55719094,29.89983549,32.31734529,36.39820241,33.63987351,36.39820241,99.38,20.42610958,22.99804733,35.48523602,46.40885992,0,0.409664186,10.11364431,60,4,6,4,4,6,4,6,4,17.2492,255.7012,4,Class_0
C(S)1=C(S)C(O)=C(S)C(S)=C1O,0.2,9.330740741,9.330740741,0.130123457,-0.130123457,0.309985038,238.38,232.332,237.9250634,66,0.144208977,-0.505527042,0.505527042,0.144208977,0.583333333,0.75,0.916666667,32.12234409,10.28865114,2.149075778,-2.091780104,2.444970668,-1.814162285,7.845580759,0.410927145,2.081571824,3.603567451,231.8128652,9.464101615,5.683281573,9.260990337,5.464101615,2.841640786,4.630495168,2.091640786,3.880495168,1.345820393,3.440247584,0.672910197,1.720123792,0.22,416.3143648,10.30183306,3.53018856,1.481032062,91.64013728,10.21305479,0,10.21305479,50.51515659,0,10.21305479,19.5819339,40.46,10.21305479,31.08095757,0,18.66148148,0,-0.260246914,0,12,2,2,1,1,6,6,6,1,2.2526,58.7796,1,Class_2
C(S)1=C(S)C=C2C3C4C=C(S)C(S)=CC=4C(C4C=C(S)C(S)=CC3=4)C2=C1,4.30E-07,4.608623884,4.608623884,0.138425926,0.138425926,0.145608355,446.734,432.622,445.9419764,130,0.034996213,-0.14227992,0.14227992,0.034996213,0.346153846,0.5,0.653846154,32.12447511,9.6094874,2.418944949,-2.427715532,2.576121326,-2.276304974,7.838124849,0.731098729,2.58067081,1.907593533,889.5568602,18.32554446,13.30208373,18.66864687,12.3630811,8.037793209,10.72107478,6.775544081,9.666378206,5.406647477,8.155840815,4.332592969,5.554403234,-0.24,1010779.078,17.83122933,6.127945254,2.390155144,185.1942134,0,69.77891136,0,75.77273489,69.77891136,0,65.77110326,0,0,11.83581209,0,0,7.733862434,0.276851852,12.93999811,26,0,0,3,3,6,6,6,6,6.406,124.728,3,Class_0
C1(=C(C(=C(C(=C1N)N)N)N)N)N,13,5.486851852,5.486851852,0.179814815,0.179814815,0.277734269,168.204,156.108,168.1123444,66,0.082530878,-0.395254925,0.395254925,0.082530878,0.333333333,0.416666667,0.5,14.85093307,10.12205157,2.120761544,-2.126319832,2.393602351,-2.100569729,6.019830862,1.612554544,2.081571824,3.603567451,226.3030902,9.464101615,6.464101615,6.464101615,5.464101615,3.232050808,3.232050808,2.482050808,2.482050808,1.741025404,1.741025404,0.870512702,0.870512702,-1.98,416.3143648,8.119800399,2.260633977,0.815105762,69.4707473,34.40200486,0,0,34.12431765,0,0,0,156.12,0,34.12431765,0,0,34,0,0,12,12,6,1,1,6,6,6,1,-0.8202,52.9164,1,Class_2
C1(=C(C(=C(C(=C1O)O)O)O)O)O,3.07E-06,8.761296296,8.761296296,1.09462963,-1.09462963,0.241447615,174.108,168.06,174.0164379,66,0.208072258,-0.501506811,0.501506811,0.208072258,0.333333333,0.416666667,0.5,16.37433334,10.20667981,2.216372767,-2.063328389,2.537614999,-1.765028551,5.696488959,0.302581234,2.081571824,3.603567451,226.3030902,9.464101615,5.683281573,5.683281573,5.464101615,2.841640786,2.841640786,2.091640786,2.091640786,1.345820393,1.345820393,0.672910197,0.672910197,-1.98,416.3143648,8.119800399,2.260633977,0.815105762,66.19680563,30.63916437,0,30.63916437,0,0,30.63916437,0,121.38,0,0,0,52.56777778,0,-6.567777778,0,12,6,6,1,1,6,6,6,1,-0.0798,36.4308,1,Class_0
C1(=C(C(=C(C(=C1S)S)S)S)S)S,15.5,4.21345679,4.21345679,0.675432099,0.675432099,0.382529465,270.516,264.468,269.8793762,66,0.03311253,-0.141089199,0.141089199,0.03311253,0.333333333,0.416666667,0.5,32.12665603,10.33308566,2.117325462,-2.106834914,2.402636281,-1.84340019,7.878925528,0.892006835,2.081571824,3.603567451,226.3030902,9.464101615,5.683281573,11.04984472,5.464101615,2.841640786,5.524922359,2.091640786,4.774922359,1.345820393,5.08746118,0.672910197,2.54373059,1.32,416.3143648,11.39507508,4.229502806,1.880522001,104.3618031,0,0,0,75.77273489,0,0,29.37290085,0,0,0,29.37290085,0,0,0,0,12,0,0,1,1,6,6,6,1,3.4188,69.954,1,Class_2
C1(=C(C(=O)C(=C(C1=O)N)N)N)N,1.19E-05,11.01351852,11.01351852,0.341018519,-0.690185185,0.292315581,168.156,160.092,168.0647255,64,0.228256039,-0.393696755,0.393696755,0.228256039,0.583333333,0.75,0.916666667,16.14597776,10.01172774,2.279190245,-2.129675136,2.112627508,-2.365913337,6.23159822,-0.11628959,2.081571824,3.316452212,277.4572482,9.464101615,6.125897658,6.125897658,5.464101615,3.062948829,3.062948829,2.312948829,2.312948829,1.558843341,1.558843341,0.779421671,0.779421671,-1.98,416.3143648,8.119800399,2.260633977,0.815105762,67.86153137,22.93466991,0,9.589074368,11.56648989,22.78815725,11.56648989,22.78815725,138.22,9.589074368,22.78815725,0,0,19.35333333,-1.38037037,0,12,8,6,0,0,6,4,6,1,-2.6038,40.8156,0,Class_0
C1(=C(C(=O)C(=C(C1=O)O)O)O)O,7.30E-08,10.60351852,10.60351852,1.268240741,-1.38462963,0.375685072,172.092,168.06,172.0007878,64,0.269175018,-0.501363241,0.501363241,0.269175018,0.583333333,0.75,0.916666667,16.34823391,10.06383271,2.344275538,-2.084954583,2.173053117,-2.231667638,6.205708316,-0.12364887,2.081571824,3.316452212,271.9474732,9.464101615,5.605350963,5.605350963,5.464101615,2.802675481,2.802675481,2.052675481,2.052675481,1.308911927,1.308911927,0.654455963,0.654455963,-1.98,416.3143648,8.119800399,2.260633977,0.815105762,65.67890359,20.42610958,0,30.01518395,11.56648989,23.03665949,31.99259947,23.03665949,115.06,9.589074368,0,0,34.63518519,0,-7.842222222,0,12,4,6,0,0,6,4,6,1,-0.2066,34.5812,0,Class_0
C1(=N)C(=N)C(=N)C(=N)C(=N)C1=N,13,7.124074074,7.124074074,0.457407407,-0.457407407,0.287362396,162.156,156.108,162.0653942,60,0.108506709,-0.296384858,0.296384858,0.108506709,0.333333333,0.416666667,0.5,14.72510748,9.890841416,2.306688306,-2.158403919,1.99125769,-2.472419492,7.104910088,1.438356642,2.081571824,3.254943487,243.1759501,9.464101615,6,6,5.464101615,3,3,2.25,2.25,1.5,1.5,0.75,0.75,-1.98,416.3143648,8.119800399,2.260633977,0.815105762,67.67023644,0,0,0,34.27011002,0,34.27011002,0,143.1,0,0,0,42.74444444,-2.744444444,0,0,12,6,6,0,0,6,6,6,1,0.11862,46.3602,0,Class_2
C12=NC3C=C(N)C(N)=CC=3C3N1C(C1C=C(N)C(N)=CC=1N=3)=NC1C=C(N)C(N)=CC=12,0.29,6.089021033,6.089021033,0.437149129,0.437149129,0.304674127,410.445,392.301,410.1715906,152,0.149787383,-0.397041096,0.397041096,0.149787383,0.419354839,0.677419355,0.967741935,15.32553161,9.96390835,2.394341105,-2.38349369,2.441610348,-2.478817683,6.364680694,0.863521224,2.719367039,1.761643258,1272.502897,21.60156534,16.21705761,16.21705761,14.81257084,9.458613602,9.458613602,7.636463635,7.636463635,5.64121963,5.64121963,4.013510979,4.013510979,-4.73,14189064.39,17.15595088,5.448033814,2.177610952,176.1080697,34.40200486,36.39820241,0,68.69333583,53.08855689,22.40676909,51.37541661,196.44,0,0,68.69333583,0,43.19101442,1.842132937,10.48824767,31,12,10,3,3,10,6,10,6,2.0573,126.2304,3,Class_2
C12C(O)=C(O)C3C=CC4C#CC5C=CC6C(O)=C(O)C7=CC=C(C=C7C=6C=5)C#CC5C=CC6C(O)=C(O)C7=CC=C(C=C7C=6C=5)C#CC(=CC=1)C=C2C=3C=4,0.001,10.95062172,10.95062172,0.223735519,-0.223735519,0.069329275,696.714,672.522,696.1572885,252,0.165614268,-0.50381565,0.50381565,0.165614268,0.203703704,0.351851852,0.5,16.31088674,9.973134572,2.155282402,-2.095025202,2.449223569,-1.819270305,6.176584912,0.412350409,3.204324477,1.347809668,2817.56684,36.82696921,28.07558642,28.07558642,26.21155033,17.01984402,17.01984402,13.40381861,13.40381861,10.24508331,10.24508331,7.506410593,7.506410593,-7.98,2.99623E+12,30.81175412,11.26011533,4.604229502,306.3947118,30.63916437,141.5119525,30.63916437,96.95203586,145.5928096,30.63916437,109.1946072,121.38,30.63916437,34.497071,96.95203586,76.67698668,0,-1.342413113,51.66542643,54,6,6,10,10,6,6,6,10,10.78674,213.4428,9,Class_1
C12C3=C(C4C(S3)=CC(O)=C(O)C=4)C3=C(C4C(S3)=CC(O)=C(O)C=4)C=1SC1C2=CC(=C(C=1)O)O,0.022,10.22487793,10.22487793,0.203266075,-0.21797188,0.126505433,492.555,480.459,491.9796011,162,0.1583585,-0.504244091,0.504244091,0.1583585,0.363636364,0.606060606,0.878787879,32.13598413,10.02625463,2.233805985,-2.020479067,2.549946231,-1.744721724,7.334867113,0.404759637,3.405077133,1.870533494,1733.955873,22.75626588,16.37212806,18.8216178,15.81257084,9.780487273,12.22997702,7.929804238,11.08640076,6.036722434,9.546872349,4.566673604,8.629211465,-3.66,62452526.5,18.86803664,6.015916261,2.305959348,195.2078826,30.63916437,18.19910121,30.63916437,94.52722242,36.39820241,30.63916437,36.39820241,121.38,30.63916437,34.497071,0,65.93812784,0,-1.263713864,9.255358718,33,6,6,4,7,9,6,9,7,7.0239,135.0978,4,Class_1
C12C3=C4C5C6C7C3C(C3=CC(=C(C(C13)C1C3C=2C2=C4C4C(C=C(C(=C4C5=CC(F)=C6)O)O)C4=CC(=C(C(C3=CC(F)=C1)C24)O)O)O)O)C=C(O)C=7O,0.106,16.04541969,16.04541969,0.288571462,-0.888247881,0.133608996,698.674,670.45,698.1752243,258,0.160815195,-0.508098404,0.508098404,0.160815195,0.442307692,1.019230769,1.788461538,19.14403869,9.39198097,2.667907311,-2.63218536,2.775305308,-2.526283328,5.812084424,0.174599411,3.102184315,1.29393132,2580.458449,35.2867634,26.88064309,26.88064309,24.97214201,17.74373956,17.74373956,16.35303192,16.35303192,14.75294182,14.75294182,13.52298341,13.52298341,-5.64,1.41905E+12,28.00650739,8.195736367,2.621652692,292.9090498,40.85221916,104.2812879,49.63304925,0,173.1545637,40.85221916,139.7738548,161.84,40.85221916,40.3141541,33.43862718,92.40711983,8.46089947,-12.11320373,0,52,8,8,1,1,8,8,10,13,8.6242,179.8424,1,Class_2
C12C3=C4C=C(O)C(O)=CC4=C4C1C1=C(C5C=C(O)C(O)=CC=54)C4C=C(O)C(O)=CC=4C4C1C1C(=C5C=C(O)C(O)=CC5=4)C4C=C(O)C(O)=CC=4C(=C21)C1C=C(O)C(O)=CC3=1,0.0331,11.19293572,11.19293572,0.427022827,-0.668424561,0.09907662,796.74,768.516,796.1580763,292,0.157557202,-0.504244889,0.504244889,0.157557202,0.216666667,0.383333333,0.583333333,16.32084319,9.437656073,2.599116431,-2.581346783,2.710513394,-2.546596479,6.108803965,0.394917607,3.198760715,1.385091184,3126.952301,41.26989107,30.60416745,30.60416745,28.7261622,19.08755255,19.08755255,16.5451051,16.5451051,13.91528828,13.91528828,11.91955025,11.91955025,-8.12,5.49342E+13,32.91276416,10.11335092,3.524681257,335.4485483,61.27832874,182.7634529,61.27832874,33.43862718,149.3248257,61.27832874,83.94261388,242.76,61.27832874,0,98.82083902,136.2101846,9.0086215,-7.807890916,17.2557515,60,12,12,6,6,12,12,12,13,3.4134,213.1736,6,Class_1
C12C3=C4C=C(O)C(O)=CC4=C4C1C1=C(C5C=CC=CC=54)C4C=C(O)C(O)=CC=4C4C1C1C(=C5C=CC=CC5=4)C4C=C(O)C(O)=CC=4C(=C21)C1C=CC=CC3=1,0.000195,11.1718764,11.1718764,0.179655907,-0.195537866,0.121665502,700.746,672.522,700.1885886,256,0.157557202,-0.504244889,0.504244889,0.157557202,0.277777778,0.574074074,0.962962963,16.31012975,9.438099594,2.594285609,-2.581405893,2.702881492,-2.546402726,6.103000786,0.398619014,3.178763904,1.373233382,3036.048404,36.04843014,28.3849875,28.3849875,26.31257084,18.26386095,18.26386095,15.52233777,15.52233777,13.35233711,13.35233711,11.70888405,11.70888405,-6.92,6.24873E+12,28.64048854,9.165366134,3.028032866,306.6831458,30.63916437,146.3652505,30.63916437,33.43862718,185.7230281,30.63916437,120.3408163,121.38,30.63916437,58.16869518,0,70.81592877,16.39101668,-1.865046282,35.3247675,54,6,6,6,6,6,6,6,13,5.1798,203.1848,6,Class_1
C12C3=C4C=C(O)C(O)=CC4=C4C1C1C(=C5C=C(O)C(O)=CC5=C5C1C1C(C6C=C(Cl)C(Cl)=CC=65)=C5C=C(O)C(O)=CC5=C(C21)C1C=C(Cl)C(Cl)=CC3=1)C1C=C(Cl)C(Cl)=CC=14,0.000426,11.30246886,11.30246886,0.291624696,-0.336140156,0.090412941,909.432,885.24,905.9704046,294,0.15754571,-0.50424489,0.50424489,0.15754571,0.233333333,0.366666667,0.5,35.50264213,9.395115079,2.636791975,-2.625850638,2.705974018,-2.625018082,6.432322113,0.146298445,3.198760715,1.390400153,3010.266868,41.26989107,30.34337326,34.87894693,28.7261622,19.13578824,21.40357508,16.73197202,19.17517278,14.32891282,16.49536302,12.56516973,13.54715023,-4.92,5.49342E+13,35.79984857,11.50532272,4.113562904,368.5027431,30.63916437,170.9276408,30.63916437,103.0442665,167.6248135,30.63916437,72.79640482,121.38,30.63916437,70.00450728,61.44769974,73.97686811,10.11815819,-3.766589109,20.79173841,60,6,6,6,6,6,6,12,13,7.1268,232.4508,6,Class_1
C12C3=C4C=C(O)C(O)=CC4=C4C1C1C(=C5C=C(O)C(O)=CC5=C5C1C1C(C6C=C(F)C(F)=CC=65)=C5C=C(O)C(O)=CC5=C(C21)C1C=C(F)C(F)=CC3=1)C1C=C(F)C(F)=CC=14,0.0182,15.73727434,15.73727434,0.223048804,-1.189324092,0.101949017,810.702,786.51,810.1477078,294,0.158975314,-0.50424489,0.50424489,0.158975314,0.233333333,0.366666667,0.5,19.16527684,9.394918213,2.637984606,-2.625062834,2.701587547,-2.625606091,6.011393472,0.145995409,3.198760715,1.390400153,3010.266868,41.26989107,30.34337326,30.34337326,28.7261622,19.13578824,19.13578824,16.73197202,16.73197202,14.32891282,14.32891282,12.56516973,12.56516973,-7.08,5.49342E+13,33.84793519,10.55771015,3.710819062,331.6763582,30.63916437,170.9276408,56.98165466,33.43862718,172.3923387,30.63916437,72.79640482,121.38,30.63916437,33.38070895,64.75052703,68.43594025,4.023391715,-14.99444772,14.11146969,60,6,6,6,6,6,6,12,13,4.041,202.1388,6,Class_1
C12C3=C4C=C(O)C(O)=CC4=C4C1C1C(=C5C=C(O)C(O)=CC5=C5C1C1C(C6C=CC=CC=65)=C5C=C(O)C(O)=CC5=C(C21)C1C=CC=CC3=1)C1C=CC=CC=14,5.2,11.18388745,11.18388745,0.075167496,-0.163593927,0.135469032,702.762,672.522,702.2042387,258,0.157545709,-0.50424489,0.50424489,0.157545709,0.240740741,0.388888889,0.537037037,16.31008959,9.395222102,2.632940627,-2.625297627,2.698296352,-2.624686461,6.009875787,0.146293625,3.178763904,1.379928439,2704.937467,36.04843014,28.53968803,28.53968803,26.31257084,18.51984402,18.51984402,15.93302137,15.93302137,13.92876179,13.92876179,12.44618794,12.44618794,-6.66,6.24873E+12,28.86989661,9.275925697,3.072130129,306.6831458,30.63916437,134.5294384,30.63916437,33.43862718,173.887216,30.63916437,109.1946072,121.38,30.63916437,70.00450728,0,72.54689319,13.16829164,-1.432568538,35.71738371,54,6,6,6,6,6,6,6,13,3.2064,202.3908,6,Class_2
C12C3=C4C=CC=CC4=C4C1C1=C(C5C=C(O)C(O)=CC=54)C4C=C(O)C(O)=CC=4C4C1C1C(=C5C=CC=CC5=4)C4C=C(O)C(O)=CC=4C(=C21)C1C=C(O)C(O)=CC3=1,0.00114,11.17932496,11.17932496,0.267163623,-0.347630648,0.105337514,732.744,704.52,732.1784179,268,0.157557202,-0.504244887,0.504244887,0.157557202,0.267857143,0.464285714,0.678571429,16.31374236,9.437849135,2.596723984,-2.581381584,2.708471027,-2.546324155,6.107102548,0.397742509,3.185434408,1.372494416,2924.802121,37.78891711,29.12471415,29.12471415,27.1171013,18.53842482,18.53842482,15.86326021,15.86326021,13.5399875,13.5399875,11.78025756,11.78025756,-7.32,1.28965E+13,30.05605099,9.481357311,3.192248351,316.2716133,40.85221916,158.4979846,40.85221916,33.43862718,173.590294,40.85221916,108.2080822,161.84,40.85221916,69.66771885,22.25380597,93.16590085,13.33590847,-3.587887833,29.08607851,56,8,8,6,6,8,8,8,13,4.591,206.5144,6,Class_1
C12C3C4=CC(O)=C(O)C3C3C=CC=C5C3C1=C1C3C(=CC(O)=C(O)C53)C3C=C(O)C(O)=C5C3C1=C1C3C5=CC=CC3C3=C(O)C(O)=CC4C3C1=2,0.0104,11.83036984,11.83036984,0.076970604,-0.579863107,0.138509186,662.694,632.454,662.1940679,246,0.16081346,-0.50809842,0.50809842,0.16081346,0.46,1.06,1.86,16.32321873,9.392431571,2.663313547,-2.632211818,2.772036361,-2.524756576,5.809882834,0.176532782,3.107218137,1.291563443,2465.52712,33.54627643,26.27941469,26.27941469,24.18444831,17.54440788,17.54440788,16.06438803,16.06438803,14.68078987,14.68078987,13.45088988,13.45088988,-5.5,7.27148E+11,26.37798575,7.77920101,2.403777473,284.577979,40.85221916,80.32200901,40.85221916,0,173.6528562,40.85221916,140.2721472,161.84,40.85221916,99.33447339,11.14620906,92.72845585,11.60398025,-5.843860934,0,50,8,8,1,1,8,8,8,13,8.0298,179.7404,1,Class_1
C12C3C=C(O)C(O)=CC=3C(=O)C=1C1C3C=C(O)C(O)=CC=3C(=O)C=1C1C3C=C(O)C(O)=CC=3C(=O)C2=1,0.00109,13.65998011,13.65998011,0.005324232,-0.613874664,0.178199306,480.384,468.288,480.048132,174,0.19459155,-0.504244737,0.504244737,0.19459155,0.305555556,0.5,0.722222222,16.31039531,9.989180374,2.282235542,-2.026616651,2.461910966,-1.993319641,6.425393069,0.40468149,3.369147275,1.996608099,2031.575323,25.36699634,17.87212806,17.87212806,17.09513191,10.66811484,10.66811484,8.896891113,8.896891113,7.067222552,7.067222552,5.557764128,5.557764128,-5.31,206401505.6,20.0965663,6.02460803,2.086028089,196.7398964,30.63916437,52.55687505,30.63916437,64.63469057,67.06818514,30.63916437,50.78181396,172.59,45.02277592,64.63469057,0,61.42304414,-1.841623992,-3.228782678,6.66742221,36,6,9,7,7,9,6,9,7,3.2334,133.8348,4,Class_1
C12C3C=C(O)C(O)=CC=3C3C=C(O)C(O)=CC=3C=1C=C1C3C=C(O)C(O)=CC=3C3C=C(O)C(O)=CC=3C1=C2,0.1,10.34569116,10.34569116,0.340202757,-0.348492396,0.067982413,506.466,488.322,506.1001675,186,0.157557626,-0.504244761,0.504244761,0.157557626,0.184210526,0.289473684,0.421052632,16.31357349,9.877190714,2.188862533,-2.165894471,2.47803632,-1.884418174,6.332386022,0.404288356,2.877795574,1.832979467,1904.629326,26.6180732,19.35121146,19.35121146,18.1171013,11.56235707,11.56235707,9.489400576,9.489400576,7.357580777,7.357580777,5.581006214,5.581006214,-5.5,463283546.5,21.75619835,7.043537047,2.735718519,211.8752603,40.85221916,125.2983613,40.85221916,64.63469057,60.66367068,40.85221916,60.66367068,161.84,40.85221916,45.99609467,64.63469057,89.22944437,0,-2.754780611,14.85866957,38,8,8,7,7,8,8,8,7,6.2506,144.7964,7,Class_2
C12C3C=C(O)C(O)=CC=3C3C=C(O)C(O)=CC=3C=1C=C1C3C=C(O)C(O)=CC=3C3C=C(O)C(O)=CC=3C1=N2,0.0081,10.325283,10.325283,0.367980535,-0.380202757,0.073287438,507.454,490.318,507.0954165,186,0.157615086,-0.504244761,0.504244761,0.157615086,0.263157895,0.447368421,0.710526316,16.31359124,9.917601419,2.197948075,-2.158122131,2.467533411,-1.914451391,6.310804844,0.404279639,2.877795574,1.832979467,1910.954595,26.6180732,19.22107478,19.22107478,18.1171013,11.4322204,11.4322204,9.326729734,9.326729734,7.152309659,7.152309659,5.370702043,5.370702043,-5.57,463283546.5,21.69176755,7.010871757,2.720367053,211.0949083,40.85221916,86.9146489,40.85221916,64.89564358,54.59730362,45.83619768,54.59730362,174.73,40.85221916,45.99609467,64.89564358,87.01507121,0.77149051,-2.986708048,12.62724289,38,8,9,6,7,9,8,9,7,5.6456,142.5914,6,Class_1
C12C3C=C(O)C(O)=CC=3C3C=C(O)C(O)=CC=3C=1N=C1C3C=C(O)C(O)=CC=3C3C=C(O)C(O)=CC=3C1=N2,0.002,10.29750522,10.29750522,0.274634144,-0.407980535,0.07828318,508.442,492.314,508.0906655,186,0.157616079,-0.50424475,0.50424475,0.157616079,0.263157895,0.421052632,0.605263158,16.31360961,9.956371044,2.207437184,-2.150609498,2.457409535,-1.943859852,6.289058176,0.404270519,2.877795574,1.832979467,1915.230106,26.6180732,19.09093811,19.09093811,18.1171013,11.30208373,11.30208373,9.164058892,9.164058892,6.955506319,6.955506319,5.16886565,5.16886565,-5.64,463283546.5,21.62735575,6.978265961,2.705059546,210.3145563,40.85221916,70.07583341,40.85221916,65.15659659,48.53093655,50.8201762,48.53093655,187.62,40.85221916,22.06680287,43.08979372,85.24514249,1.098536575,-3.218635486,10.52081621,38,8,10,6,7,10,8,10,7,5.0406,140.3864,6,Class_1
C12C3N=CC4C1=C1C(N=CC5C1=C1C(N=CC(C1=2)=C(O)C=3O)=C(O)C=5O)=C(O)C=4O,3.20E-07,10.60675333,10.60675333,0.084821901,-0.451065497,0.127629243,399.318,390.246,399.049135,144,0.184624013,-0.503735961,0.503735961,0.184624013,0.366666667,0.633333333,0.9,16.31169869,9.854520384,2.302164117,-2.21616115,2.56767344,-1.976033866,6.457092818,0.410002604,2.764339486,2.079919234,1483.337045,20.63494553,14.75697317,14.75697317,14.41359136,8.903083253,8.903083253,7.403083253,7.403083253,6.097849745,6.097849745,4.839419419,4.839419419,-4.53,13330311.21,15.39938574,4.380703067,1.327796146,163.8828114,30.63916437,0,30.63916437,65.02612008,18.59053071,45.59109993,18.59053071,160.05,30.63916437,32.7087748,32.31734529,66.85692208,0.254465703,-2.61371016,0,30,6,9,4,7,9,6,9,7,3.3378,108.4098,4,Class_0
C12C=C(C3=CC=C(C(O)=O)C=C3)C(C3=CC=C(C(O)=O)C=C3)=CC1=C1C=C(C3=CC=C(C(=O)O)C=C3)C(C3=CC=C(C(O)=O)C=C3)=CC1=C1C=C(C3=CC=C(C(O)=O)C=C3)C(C3=CC=C(C(=O)O)C=C3)=CC1=2,0.000398,12.02712612,12.02712612,0.07235226,-1.106544751,0.062937222,948.936,912.648,948.2206766,348,0.335178964,-0.477639247,0.477639247,0.335178964,0.194444444,0.305555556,0.402777778,16.3807872,9.820987378,2.221967322,-2.210062344,2.479661413,-1.979705879,6.290407128,0.068580436,3.396030728,1.392415156,3215.849157,50.53371151,37.45327939,37.45327939,34.62514169,22.2086905,22.2086905,17.12514402,17.12514402,13.00071884,13.00071884,9.323249221,9.323249221,-10.2,1.17E+16,45.57525615,18.0343821,8.303130015,407.7431498,30.63916437,208.2733704,59.40638747,68.13317701,215.371721,66.4549961,181.9910121,223.8,59.40638747,33.38070895,66.7614179,63.41692468,8.489283003,-6.639268508,50.57030412,72,6,12,10,10,6,6,12,10,13.3374,273.3318,10,Class_1
C12C=C(O)C(O)=C(N)C1=C1C=C(O)C(O)=C(N)C1=C1C=C(O)C(O)=C(N)C1=2,1.21,10.05830425,10.05830425,0.186657218,-0.587168577,0.126403532,369.333,354.213,369.0960852,138,0.181158335,-0.504189363,0.504189363,0.181158335,0.444444444,0.666666667,0.888888889,16.3112411,9.900594409,2.231717633,-2.180044366,2.52451815,-1.972015219,6.340502654,0.405773491,2.614213216,2.528924048,1125.190706,19.78157438,13.64738319,13.64738319,12.64564217,7.689716998,7.689716998,6.241605136,6.241605136,4.760427559,4.760427559,3.498150439,3.498150439,-4.14,1028308.611,16.33501359,4.944717801,1.872323703,150.2614713,47.8401668,34.35777385,30.63916437,49.37950411,18.19910121,30.63916437,18.19910121,199.44,30.63916437,49.37950411,0,61.45332278,17.31088908,-3.334875126,3.570663265,27,12,9,4,4,9,9,9,4,2.1264,102.186,4,Class_2
C12C=C3C4C=C(O)C(O)=CC=4C4C=C(O)C(O)=CC=4C3=CC=1C(=O)C1C=C3C4C=C(O)C(O)=CC=4C4C=C(O)C(O)=CC=4C3=CC=1C2=O,4.00E-05,14.30278512,14.30278512,0.072887252,-0.487961913,0.063221647,636.568,616.408,636.1056468,232,0.194058947,-0.504244761,0.504244761,0.194058947,0.229166667,0.354166667,0.5,16.31391906,9.791860533,2.321346995,-2.21613778,2.472050086,-2.206573629,6.357664371,0.097939784,3.058092116,1.401656848,2514.313381,33.49638837,24.32240858,24.32240858,22.904795,14.6253059,14.6253059,12.09102454,12.09102454,9.493774387,9.493774387,7.222295951,7.222295951,-6.94,80965303137,27.37699314,8.859140091,3.396929122,266.9794518,40.85221916,137.4310954,50.44129353,76.20118047,95.05021079,52.41870905,72.79640482,195.98,50.44129353,22.25380597,64.63469057,88.05785145,0.291549009,-4.312181389,16.69054403,48,8,10,8,8,10,8,10,9,7.026,178.1034,8,Class_1
C12N=C3C4C=C(O)C(O)=CC=4C4C=C(O)C(O)=CC=4C3=NC=1C=C1N=C3C4C=C(O)C(O)=CC=4C4C=C(O)C(O)=CC=4C3=NC1=C2,2.39E-06,10.36468915,10.36468915,0.357048515,-0.373477152,0.055245743,610.538,592.394,610.1124635,222,0.157616079,-0.50424475,0.50424475,0.157616079,0.239130435,0.413043478,0.608695652,16.31367907,9.974053885,2.199262307,-2.135347135,2.445068732,-1.950799699,6.263352886,0.40428955,3.021908824,1.445869294,2519.304615,31.7559014,23.14006584,23.14006584,22.04975429,13.85121146,13.85121146,11.21730247,11.21730247,8.509051587,8.509051587,6.340032796,6.340032796,-6.82,35076669488,25.65785856,8.418286463,3.314245034,254.1171813,40.85221916,82.20856754,40.85221916,87.22339946,60.66367068,60.78813324,60.66367068,213.4,40.85221916,45.99609467,87.22339946,86.20790675,3.087520846,-2.974475824,14.21001972,46,8,12,7,9,12,8,12,9,6.137,170.9884,7,Class_0
C1=C(C(=CC(=C1N)N)N)N,1.00E-09,5.428981481,5.428981481,0.464537037,0.464537037,0.379030761,138.174,128.094,138.0905463,54,0.056951688,-0.396998433,0.396998433,0.056951688,0.6,0.8,1,14.72740008,10.19826423,1.974709166,-2.030264265,2.234231495,-1.999123979,5.778288349,1.635717761,1.841127075,3.282462907,205.9198834,7.723614639,5.464101615,5.464101615,4.609060905,2.809401077,2.809401077,2.11004234,2.11004234,1.288675135,1.288675135,0.668393829,0.668393829,-1.58,156.4958014,6.538764846,1.982580224,0.906991215,58.79096591,22.93466991,12.13273414,0,22.7495451,12.13273414,0,12.13273414,104.08,0,0,22.7495451,0,23.57407407,0,3.092592593,10,8,4,1,1,4,4,4,1,0.0154,44.0916,1,Class_0
C1=C(C(=CC2=C3N=C(C21)N=C4C5=CC(=C(C=C5/C(=N/C6=C7C=C(C(=CC7=C(N6)N=C8C9=CC(=C(C=C9C(=N3)N8)O)O)O)O)/N4)O)O)O)O,9.40E-08,10.4084386,10.4084386,0.09507449,-0.770596948,0.109143605,644.56,624.4,644.1404096,236,0.160354746,-0.504455533,0.504455533,0.160354746,0.4375,0.854166667,1.333333333,16.31973512,9.934500468,2.321709682,-2.138084601,2.406392207,-2.181060304,6.016791056,0.320821216,3.736825786,1.480764566,2890.34667,33.17011496,24.00992916,24.00992916,23.01608078,14.26573298,14.26573298,11.3814799,11.3814799,8.447621172,8.447621172,6.107548389,6.107548389,-7.23,1.11601E+11,27.11105276,9.163197077,3.792028896,263.8817832,55.80415472,48.55024262,40.85221916,49.78869063,93.4134788,61.63977451,96.42467466,271.01,40.85221916,45.24314724,37.89044982,85.3023226,1.07518789,-3.505679958,7.800625432,48,11,16,3,6,13,11,16,9,2.6568,168.2035,3,Class_0
C1=C(C=C(C=C1C(=O)O)C(=O)O)C(=O)O,1.00E-09,10.56470522,10.56470522,0.368240741,-1.374444444,0.679088944,210.141,204.093,210.0164379,78,0.33523137,-0.477638687,0.477638687,0.33523137,0.666666667,0.866666667,1,16.37305107,10.05915428,2.137637823,-2.003555392,2.105756469,-2.065257257,5.984066383,0.069553734,2.16326513,3.387380075,368.9086864,11.58542196,7.298436465,7.298436465,6.913591358,3.765243637,3.765243637,2.714495799,2.714495799,1.673864427,1.673864427,0.998016605,0.998016605,-2.37,1695.999862,10.70917656,3.78634806,2.305256473,83.39349702,15.31958218,18.19910121,29.70319374,17.90791586,34.88945568,33.22749805,18.19910121,111.9,14.38361155,16.69035448,0,25.83421769,-1.104722222,-4.123333333,2.699722222,15,3,6,1,1,3,3,6,1,0.7812,47.3199,1,Class_0
C1=C(C=NN1)C(=O)O,7.26E-09,10.00203704,10.00203704,0.185185185,-0.959490741,0.541350947,112.088,108.056,112.0272774,42,0.338387604,-0.47755733,0.47755733,0.338387604,1.875,2.625,2.875,16.36567821,10.37988684,1.991480839,-1.767532913,1.896737504,-1.909370959,5.861962613,0.069675377,2.115968032,2.928375237,179.9281971,5.983127663,3.95737602,3.95737602,3.804530453,2.025562034,2.025562034,1.292130268,1.292130268,0.745173058,0.745173058,0.367846192,0.367846192,-1.32,93.10259339,4.829700599,1.651203466,0.676380029,45.14936306,5.106527395,0,9.901064579,5.969305288,17.95713863,21.2731963,12.39368714,65.98,4.794537184,5.563451492,0,14.03152778,0.185185185,-0.959490741,0,8,2,4,0,1,2,2,4,1,0.1079,25.547,0,Class_0
C1=C2C(=CC(=C1N)N)C3=NC4=NC(=NC5=C6C=C(C(=CC6=C(N5)N=C7C8=CC(=C(C=C8C(=N7)N=C2N3)N)N)N)N)C9=CC(=C(C=C94)N)N,0.00273,6.256392387,6.256392387,0.332956007,0.332956007,0.106677355,634.672,608.464,634.2526348,234,0.164332247,-0.397042624,0.397042624,0.164332247,0.291666667,0.5,0.729166667,15.05908933,10.06150949,2.241956139,-2.039286665,2.409342461,-1.955248656,6.09629993,1.189929319,3.736825786,1.519105374,2408.497147,33.17011496,24.92088588,24.92088588,23.01608078,14.6114848,14.6114848,11.7165108,11.7165108,8.644860596,8.644860596,6.108756824,6.108756824,-7.36,1.11601E+11,26.99192499,9.101371528,3.761436116,268.7998221,55.83729686,48.53093655,0,89.63269594,48.53093655,39.87182817,48.53093655,317.08,0,0,135.1841199,2.61110587,57.1861238,1.331824029,13.79534229,48,18,16,4,7,14,10,16,9,3.5268,191.3526,4,Class_1
C1=C2C(=CC(=C1O)O)C3=NC4=NC(=NC5=C6C=C(C(=CC6=C(N5)N=C7C8=CC(=C(C=C8C(=N7)N=C2N3)O)O)O)O)C9=CC(=C(C=C94)O)O,0.0087,10.38750882,10.38750882,0.050224953,-0.440542075,0.101950347,642.544,624.4,642.1247595,234,0.164394956,-0.504243453,0.504243453,0.164394956,0.291666667,0.5,0.729166667,16.31373744,10.07545508,2.252641802,-2.019842346,2.438610419,-1.834029213,6.076050764,0.403967853,3.736825786,1.519105374,2424.497147,33.17011496,23.87979249,23.87979249,23.01608078,14.09093811,14.09093811,11.15569968,11.15569968,8.210989488,8.210989488,5.883353493,5.883353493,-7.36,1.11601E+11,26.99192499,9.101371528,3.761436116,264.4345666,50.8201762,48.53093655,40.85221916,44.13360574,48.53093655,80.72404733,48.53093655,270.76,40.85221916,45.88632688,43.79870282,84.37224962,1.725918403,-3.298974186,10.19149503,48,10,16,4,7,14,10,16,9,4.514,169.3718,4,Class_1
C1=C2C3=CC(=C(C=C3C4=CC(=C(C=C4C2=CC(=C1N)N)N)N)N)N,0.027,6.017343999,6.017343999,0.515706832,0.515706832,0.216027809,318.384,300.24,318.1592946,120,0.055396127,-0.397044198,0.397044198,0.055396127,0.291666667,0.416666667,0.541666667,14.68470146,9.919094053,2.132892952,-2.148824676,2.410685024,-1.987322642,6.278785035,1.698118477,2.530208529,2.397005548,896.141067,17.17084392,12.92820323,12.92820323,11.3630811,7.446152423,7.446152423,6.080127019,6.080127019,4.540063509,4.540063509,3.236538106,3.236538106,-3.54,295528.3562,14.07781604,4.483195416,1.765380917,137.5157409,34.40200486,68.7155477,0,66.44166293,36.39820241,0,36.39820241,156.12,0,0,34.12431765,5.667063492,39.19830499,0,11.13463152,24,12,6,4,4,6,6,6,4,2.6394,105.4344,4,Class_1
C1=C2C3=CC(=C(C=C3C4=CC(=C(C=C4C2=CC(=C1O)O)O)O)O)O,0.027,9.820161775,9.820161775,0.334523075,-0.334523075,0.217758796,324.288,312.192,324.0633881,120,0.157557626,-0.504244761,0.504244761,0.157557626,0.291666667,0.416666667,0.541666667,16.31007882,9.928829396,2.156552948,-2.131227141,2.448460176,-1.849451075,6.263049358,0.403884721,2.530208529,2.397005548,896.141067,17.17084392,12.14738319,12.14738319,11.3630811,7.055742402,7.055742402,5.659518678,5.659518678,4.214660179,4.214660179,3.067485608,3.067485608,-3.54,295528.3562,14.07781604,4.483195416,1.765380917,134.2417992,30.63916437,68.7155477,30.63916437,32.31734529,36.39820241,30.63916437,36.39820241,121.38,30.63916437,34.497071,32.31734529,61.96646951,0,-2.007138448,8.040668934,24,6,6,4,4,6,6,6,4,3.3798,88.9488,4,Class_1
C1=C2C3=CC(=C(C=C3C4=CC(=C(C=C4C2=CC(=C1S)S)S)S)S)S,2.40E-08,4.53847042,4.53847042,0.846351796,0.846351796,0.129645206,420.696,408.6,419.9263264,120,0.018038271,-0.142268481,0.142268481,0.018038271,0.291666667,0.416666667,0.541666667,32.1244743,9.941067989,2.131897272,-2.144600818,2.41391844,-1.871185293,7.838505458,1.282962627,2.530208529,2.397005548,896.141067,17.17084392,12.14738319,17.51394633,11.3630811,7.055742402,9.739023975,5.659518678,8.550352803,4.214660179,6.963853517,3.067485608,4.229380611,-0.24,295528.3562,17.18773834,6.179723727,2.625986032,172.4067967,0,68.7155477,0,108.0900802,36.39820241,0,65.77110326,0,0,0,0,6.686560847,0,0,12.33783919,24,0,0,4,4,6,6,6,4,6.8784,122.472,4,Class_0
C1=C2C3=CC(=N)C(=N)C=C3C4=CC(=N)C(=N)C=C4C2=CC(=N)C1=N,0.2,7.918752887,7.918752887,0.090591879,0.090591879,0.248905857,312.336,300.24,312.1123444,114,0.079537363,-0.29863783,0.29863783,0.079537363,0.291666667,0.416666667,0.541666667,14.44773434,9.933427594,2.103857742,-2.096674134,2.305987432,-2.246630519,6.245321485,1.13877744,2.530208529,2.555076475,1179.202406,17.17084392,12.46410162,12.46410162,11.3630811,7.214101615,7.214101615,5.830127019,5.830127019,4.343588913,4.343588913,3.136057159,3.136057159,-3.54,295528.3562,14.07781604,4.483195416,1.765380917,133.5885027,0,68.7155477,0,32.31734529,68.5415851,0,36.39820241,143.1,0,32.14338269,0,52.41234977,0,0,9.587650227,24,6,6,4,4,6,6,6,4,0.33642,87.6462,4,Class_2
C1=CC(=C(C#N)C#N)C=CC1=C(C#N)C#N,1.00E-05,8.630850498,8.630850498,0.001866024,0.001866024,0.597500534,204.192,200.16,204.0435961,72,0.136378028,-0.191620827,0.191620827,0.136378028,0.625,0.875,1.0625,14.2901411,10.12461499,1.954297041,-1.875777962,1.878309638,-2.107448234,5.736887689,1.459335517,2.339134755,3.580921953,581.34171,11.96625533,8.098255459,8.098255459,7.761080115,4.215794396,4.215794396,2.774563865,2.774563865,1.909464044,1.909464044,1.111760091,1.111760091,-3.08,4341.434105,10.99739938,4.965017856,2.045581353,91.81216847,0,0,0,11.14620906,34.70276823,0,24.26546827,95.16,0,11.14620906,10.43729995,35.47521605,0.003732048,0,13.18771857,16,0,4,1,1,4,0,4,1,0.08232,54.96,1,Class_0
C1=CC(=C(C=C1C2=CC(=C(C=C2C3=CC(=C(C=C3)O)O)C4=CC(=C(C=C4)O)O)C5=CC(=C(C=C5)O)O)O)O,0.000448,10.21041396,10.21041396,0.307919591,-0.348736445,0.136561392,510.498,488.322,510.1314677,190,0.157511762,-0.504259628,0.504259628,0.157511762,0.236842105,0.447368421,0.631578947,16.31344797,9.85063214,2.19005287,-2.190124261,2.460368314,-1.92744916,5.958157447,0.403649374,2.896838251,1.887534574,1459.746493,27.13709924,19.66061253,19.66061253,18.1171013,11.39569041,11.39569041,8.757349769,8.757349769,6.303365188,6.303365188,4.318909149,4.318909149,-5.5,311012216.7,24.20576093,9.179379748,4.307294414,216.01365,40.85221916,105.1712826,40.85221916,0,84.92913896,40.85221916,84.92913896,161.84,40.85221916,45.99609467,44.50761193,80.31276996,4.247864072,-2.626624144,20.73265678,38,8,8,5,5,8,8,8,5,5.9994,141.5044,5,Class_1
C1=CC(=CC=C1C(=O)O)C(=O)O,6.00E-08,10.33465372,10.33465372,0.083333333,-1.063019652,0.688908808,166.132,160.084,166.0266087,62,0.335179028,-0.477639246,0.477639246,0.335179028,0.833333333,1.083333333,1.25,16.36879467,10.13634719,2.042724159,-1.942097043,2.032250721,-1.989955982,5.910581912,0.068094337,2.042910953,3.006149834,279.3346747,9.137828202,6.020324849,6.020324849,5.609060905,3.176829091,3.176829091,2.187655398,2.187655398,1.37880133,1.37880133,0.755381829,0.755381829,-1.84,473.9553411,8.258425197,3.04193048,1.601892952,68.07279905,10.21305479,24.26546827,19.80212916,11.93861058,35.39237126,22.15166537,24.26546827,74.6,9.589074368,11.12690298,0,16.9337689,0.166666667,-2.126039305,5.022962963,12,2,4,1,1,2,2,4,1,1.083,40.3606,1,Class_0
C1=CC(=CC=C1C2=C3C=CC(=C(C4=NC(=C(C5=CC=C(N5)C(=C6C=CC2=N6)C7=CC=C(C=C7)C(=O)O)C8=CC=C(C=C8)C(=O)O)C=C4)C9=CC=C(C=C9)C(=O)O)N3)C(=O)O,0.007,11.82872566,11.82872566,0.11701738,-1.063610003,0.085838786,790.788,760.548,790.2063639,290,0.335178964,-0.477639247,0.477639247,0.335178964,0.316666667,0.516666667,0.7,16.37471017,10.01668428,2.199765519,-2.075795357,2.384347137,-1.959679426,6.00979841,0.068580789,4.096788738,1.431349878,2754.745817,41.65539633,31.1726812,31.1726812,29.01608078,18.53355419,18.53355419,14.03261365,14.03261365,10.43597424,10.43597424,7.538124002,7.538124002,-8.64,5.06153E+13,36.96652894,14.70022025,6.689928187,339.3163182,30.39406662,119.3542912,39.60425832,70.24810445,166.3568593,64.23924481,121.3273414,206.56,39.60425832,22.25380597,89.35012678,38.70928786,10.71909409,-4.254440013,33.56710678,60,6,12,4,7,6,6,12,9,10.1164,228.4386,4,Class_1
C1=CC(=CC=C1O)S,0.0043,8.722716049,8.722716049,0.28037037,0.28037037,0.506639715,126.18,120.132,126.0139358,42,0.115154489,-0.507965611,0.507965611,0.115154489,1.125,1.625,2,32.11691033,10.33934831,1.823249742,-1.881023987,2.107624355,-1.617709281,7.79890533,0.474639384,1.769973094,3.032455532,147.3883389,5.983127663,4.203828268,5.098255459,3.7876937,2.268580801,2.715794396,1.516397779,2.032795559,0.849709243,1.14785164,0.452632399,0.601703598,-0.63,70.79892376,5.50568521,2.092227095,1.168040705,53.38070354,5.106527395,24.26546827,5.106527395,12.62878915,24.26546827,5.106527395,29.16095175,20.23,0,5.749511833,0,8.722716049,0,0.28037037,6.668209877,8,1,1,1,1,2,2,2,1,1.6809,35.3588,1,Class_1
C1=CC(=CN=C1)C=O,1.83E-08,9.966481481,9.966481481,0.618055556,0.618055556,0.498749165,107.112,102.072,107.0371138,40,0.151098853,-0.297835161,0.297835161,0.151098853,1.625,2.5,2.875,16.12894754,10.3169706,1.807224274,-1.809603546,1.869957174,-1.76758366,5.731491307,0.111805327,1.903491193,2.991046915,171.1432264,5.819990956,4.242213232,4.242213232,3.931851653,2.28479211,2.28479211,1.404209728,1.404209728,0.820497289,0.820497289,0.445679993,0.445679993,-1.18,91.36757728,4.966627566,2.211075412,0.904141896,47.17751531,0,12.13273414,4.794537184,6.286160523,30.08987277,11.27013904,24.52642128,29.96,4.794537184,0,5.563451492,0,0.618055556,0,3.434259259,8,0,2,0,1,2,0,2,1,0.8941,29.6245,0,Class_0
C1=CC(=NC=C1C(=O)O)SSC2=NC=C(C=C2)C(=O)O,11,10.66854204,10.66854204,0.128042695,-1.02071374,0.813057017,308.34,300.276,307.9925487,102,0.336760062,-0.477598624,0.477598624,0.336760062,0.8,1.2,1.45,33.11465102,10.28720755,2.059709826,-2.006801164,2.344036401,-1.964356982,8.762305159,0.068514876,2.456450995,1.973886716,571.4105114,14.53516943,9.885949159,11.51894232,9.558550648,5.292705692,7.442535607,3.54719518,5.717081406,2.179016388,4.361418912,1.197579162,2.910823389,-2.06,33997.28177,14.35123584,6.396613298,3.716626279,121.2153714,10.21305479,45.85326423,19.80212916,33.52640653,47.7860584,32.11962241,46.71107537,100.38,9.589074368,11.12690298,10.05191996,18.7743059,0.256085391,-2.041427481,6.150634248,20,2,6,0,2,6,2,8,2,2.6724,74.1066,0,Class_2
C1=CC(N)=C2C(=O)C3C(O)=CC=C(N)C=3C(=O)C2=C1O,0.094,12.44074074,12.44074074,0.058911565,-0.631666667,0.356819724,270.244,260.164,270.0640568,100,0.20003784,-0.507156309,0.507156309,0.20003784,0.65,1,1.35,16.25951056,9.812684318,2.364311366,-2.211316687,2.40179316,-2.235309144,6.327656113,0.097524667,2.40726431,2.461802657,666.7462923,14.60192982,10.17502539,10.17502539,9.43042811,5.75417936,5.75417936,4.506079382,4.506079382,3.33940178,3.33940178,2.414529182,2.414529182,-3.02,34279.44377,12.03646119,3.736264168,1.326478244,112.8038435,21.68038974,24.26546827,19.80212916,22.94126244,46.51927424,21.77954468,24.26546827,126.64,19.80212916,45.12760218,0,19.6456576,10.96259826,-1.956031746,5.132961073,20,6,6,2,2,6,4,6,3,1.0376,71.9034,2,Class_2
C1=CC(N)=[N]C=C1[N](=O)=O,1.10E-08,10.03696523,10.03696523,0.047037037,-0.521388889,0.455124305,139.114,134.074,139.0381764,52,0.287223876,-0.383695126,0.383695126,0.287223876,1.6,2.3,2.7,16.62827292,10.40709851,2.017794397,-1.890604006,2.08087674,-1.915984567,5.352002454,-0.38470167,1.884505361,3.003400685,243.5749054,7.560477932,5.020324849,5.020324849,4.698377303,2.558594729,2.558594729,1.698373121,1.698373121,0.981564679,0.981564679,0.505496367,0.505496367,-1.65,180.9125147,6.469760479,2.300610336,1.191646314,56.64391752,5.733667477,6.066367068,4.923311049,11.50524905,28.44389598,9.90728957,18.32957771,82.05,10.11431827,11.50524905,0,10.03696523,5.146069539,0.282962963,2.694907407,10,2,5,0,1,4,1,5,1,0.572,35.3038,0,Class_0
C1=CC2=C3C(=CC=C4C3=C1C(=O)N(C4=O)C5=CC(=CC(=C5)C(=O)O)C(=O)O)C(=O)N(C2=O)C6=CC(=CC(=C6)C(=O)O)C(=O)O,4,13.67558892,13.67558892,0.050038055,-1.503583133,0.236149628,594.444,580.332,594.0546739,216,0.335283665,-0.477638042,0.477638042,0.335283665,0.409090909,0.636363636,0.840909091,16.37599689,9.851909431,2.409657957,-2.318139362,2.402497488,-2.433094421,6.419464689,0.067598678,2.980318311,1.521851652,1845.12259,31.77277373,21.72277059,21.72277059,20.79350921,12.40452996,12.40452996,9.720531835,9.720531835,7.234426902,7.234426902,5.318125222,5.318125222,-6.7,4978119853,27.46890498,9.41866969,3.891905642,243.1239098,20.42610958,60.66367068,58.78240705,69.65316105,105.1712826,67.93204965,60.66367068,223.96,58.78240705,44.40102695,9.799819462,37.70795907,-3.222764473,-9.93039003,10.3678313,44,4,14,4,4,8,4,14,6,3.2338,146.9492,4,Class_2
C1=CC2=C3C(=CC=C4C3=C1C(=O)N(C4=O)C5=CC=NC=C5)C(=O)N(C2=O)C6=CC=NC=C6,1.20E-05,13.28936268,13.28936268,0.259234589,-0.519572866,0.461733027,420.384,408.288,420.0858549,152,0.265487758,-0.268169804,0.268169804,0.265487758,0.4375,0.71875,1,16.18238068,9.854159353,2.400655043,-2.313715059,2.392922496,-2.43086981,6.416827636,0.087269314,2.825124537,1.594046075,1314.480615,21.98239871,16.35005077,16.35005077,15.5753874,9.750334003,9.750334003,7.373622826,7.373622826,5.736525602,5.736525602,4.329910114,4.329910114,-4.72,35563119.69,18.08123271,6.386802213,2.255833514,180.2804139,0,48.53093655,19.17814874,45.7759399,95.5721168,33.59667596,73.31831083,100.54,19.17814874,22.25380597,22.14722098,0.659971235,1.824090596,-2.078291463,12.42792006,32,0,8,2,4,6,0,8,6,3.231,114.702,2,Class_0
C1=CC2=C3C=CC=C4C3=C5C6=C2C(=C1)C7=C8C6=C9C1=C(C8=CC=C7)C=CC=C1C1=CC=CC2=C1C9=C5C1=C4C=CC=C21,0.0331,2.366552448,2.366552448,1.377497953,1.377497953,0.137212754,522.606,504.462,522.1408506,186,-4.76E-05,-0.060988711,0.060988711,4.76E-05,0.142857143,0.261904762,0.380952381,14.32019924,9.733714304,2.301311341,-2.285102341,2.593280752,-1.994696136,6.605415881,1.808684914,3.055287007,1.644980756,2515.024262,26.58432852,22.39230485,22.39230485,20.89897949,14.96410162,14.96410162,12.61880215,12.61880215,11.12777675,11.12777675,9.873289452,9.873289452,-5.46,35817374009,19.5886202,5.932498034,1.714528175,237.4855268,0,129.2693811,0,129.2693811,109.1946072,0,109.1946072,0,0,0,0,33.94861458,0,0,42.05138542,42,0,0,13,13,0,0,0,13,12.1518,183.63,13,Class_1
C1=CC=C(C=C1)C(=O)S,1.30E-06,10.5095679,10.5095679,0.18462963,-0.18462963,0.584979992,138.191,132.143,138.0139358,46,0.215825668,-0.28185341,0.28185341,0.215825668,1.222222222,1.777777778,2.111111111,32.11694775,10.2311149,1.935986426,-1.880981889,2.00259495,-1.844977293,7.967887276,0.108656831,1.900372628,2.981454614,205.4159526,6.690234444,4.742213232,5.636640423,4.304530453,2.588414546,3.035628141,1.671177968,2.077358952,1.020739643,1.278938533,0.580729834,0.729801032,-0.76,129.2253387,6.361359223,2.688486328,1.573506415,59.112934,0,0,4.794537184,17.74406608,35.89528683,5.11527693,30.33183534,17.07,4.794537184,5.11527693,5.563451492,-0.18462963,0.639660494,0,8.942253086,9,0,1,1,1,1,1,2,1,1.7566,39.7585,1,Class_0
C1=CC=C(C=C1)N(C2=CC=CC=C2)C3=C(C(=C(C=C3)C(=O)O)C(=O)O)C(=O)O,2,12.0060097,12.0060097,0.048425926,-1.627108004,0.587979094,377.352,362.232,377.0899372,140,0.338252244,-0.477620032,0.477620032,0.338252244,0.571428571,1.035714286,1.428571429,16.37759558,9.971526012,2.296500953,-2.272170687,2.380346589,-2.201790804,6.124873626,0.063340834,2.686179026,2.38175154,1007.750778,20.25878407,14.44180248,14.44180248,13.41359136,8.18606403,8.18606403,5.804215087,5.804215087,4.111174256,4.111174256,2.976235305,2.976235305,-4.13,1916212.67,18.65485556,7.627340251,3.407807547,159.2675191,20.21949192,36.39820241,29.70319374,34.97007469,89.4867593,33.22749805,72.79640482,115.14,29.70319374,5.687386275,11.37477255,28.6222624,-0.719704376,-4.678233497,19.99228695,28,3,7,3,3,4,3,7,3,4.251,102.0029,3,Class_2
C1=CC=C2C(=C1)C3=C4C5=CC=CC=C5C(=C(C4=C(C(=C3C6=C2C(=C(C(=C6O)O)O)O)O)O)O)O,0.07,11.09707735,11.09707735,0.058096445,-1.000945137,0.08895038,456.406,440.278,456.0845175,168,0.20447777,-0.50381398,0.50381398,0.20447777,0.264705882,0.588235294,1.176470588,16.34519354,9.864489754,2.287842252,-2.196219126,2.590087249,-1.907840423,6.397607302,0.350732799,2.853003236,2.15175236,1889.291967,24.04915909,17.19651092,17.19651092,16.25179532,10.19355492,10.19355492,8.130021946,8.130021946,6.472797766,6.472797766,5.012479693,5.012479693,-4.98,64433623.06,19.68634317,6.291937419,2.114205795,189.1935958,40.85221916,16.15867264,40.85221916,53.86224214,48.53093655,40.85221916,48.53093655,161.84,40.85221916,37.7035695,16.15867264,86.88548746,0,-6.139052522,13.25356506,34,8,8,6,6,8,8,8,6,5.0974,127.2904,6,Class_2
C1=CC=C2C(=C1)C3=CC=CC=C3C4=CC5=C(C=C24)C6=C(C7=C5C(=C(C(=C7O)O)O)O)C(=C(C(=C6O)O)O)O,0.00165,10.98508896,10.98508896,0.139602282,-1.056168899,0.051791783,506.466,488.322,506.1001675,186,0.204477788,-0.503714112,0.503714112,0.204477788,0.263157895,0.526315789,0.842105263,16.35086534,9.868433701,2.289239576,-2.189449803,2.592718055,-1.903331624,6.362655251,0.348997484,2.944543138,1.920952959,2059.129326,26.6180732,19.35121146,19.35121146,18.21812181,11.59825546,11.59825546,9.323397619,9.323397619,7.464044765,7.464044765,5.771806801,5.771806801,-5.5,576876576.5,21.75619835,7.043537047,2.43058767,211.8752603,40.85221916,55.22252785,40.85221916,64.63469057,60.66367068,40.85221916,60.66367068,161.84,40.85221916,32.31734529,0,89.86426118,0,-7.428293254,18.8973654,38,8,8,7,7,8,8,8,7,6.2506,144.7964,7,Class_1
C1=CC=C2C(=C1)C3=NC4=C5C(=C(N4)N=C6C7=C(C(=C(C=C7C(=N6)N=C8C9=CC=CC=C9C(=NC2=N3)N8N)N)N)N)C(=C(C(=C5N)N)N)N,0.00013,6.760676337,6.760676337,0.101444924,0.101444924,0.08546772,634.672,608.464,634.2526348,234,0.16641421,-0.396978274,0.396978274,0.16641421,0.479166667,0.958333333,1.541666667,15.33257626,10.03248984,2.272270924,-2.099705885,2.456922896,-2.087228688,6.222975268,1.046681889,3.793823326,1.568567214,2777.497147,33.17011496,24.94544974,24.94544974,23.1171013,14.64147081,14.64147081,11.51624994,11.51624994,8.830536562,8.830536562,6.403989858,6.403989858,-7.36,1.36367E+11,26.99192499,9.101371528,3.413457843,268.9799296,50.96232113,6.066367068,0,83.94530966,54.59730362,39.56395209,54.59730362,306.22,0,62.75486736,44.84251485,2.251331609,49.76354374,7.926643371,16.82382681,48,17,16,4,7,15,9,16,9,3.1318,190.7299,4,Class_1
C1=CC=C2C(=C1)C3=NC4=NC(=NC5=C6C=CC=CC6=C(N5)N=C7C8=CC=CC=C8C(=N7)N=C2N3)C9=CC=CC=C94,0.0143,5.015073381,5.015073381,0.597168543,0.597168543,0.228577422,514.552,496.408,514.1654426,186,0.16425239,-0.32375773,0.32375773,0.16425239,0.3,0.55,0.825,15.05458987,10.09706617,2.211523774,-1.959806073,2.36092772,-1.824807418,6.058354612,1.189967501,3.728016802,1.514220409,2027.108589,26.20816706,20.92088588,20.92088588,19.79795897,12.99268265,12.99268265,9.792009903,9.792009903,7.460387925,7.460387925,5.59078743,5.59078743,-5.76,6223817164,21.20352014,7.874272387,3.010061728,226.0806966,9.967957042,0,0,44.13360574,97.0618731,39.87182817,97.0618731,108.92,0,0,45.88632688,3.820335036,6.44834563,2.388674174,32.24029845,40,2,8,4,7,6,2,8,9,6.8692,156.0534,4,Class_1
C1=CC=C2C(=C1)N=C3C(=N2)N=C4C=CC=CC4=N3,5,4.49170446,4.49170446,0.590185185,0.590185185,0.437298327,232.246,224.182,232.0748963,84,0.198536233,-0.223554902,0.223554902,0.198536233,0.444444444,0.722222222,1,14.98565519,10.26320565,2.048186308,-2.008564326,2.158951696,-1.935692775,5.869781569,1.256394327,2.424428959,2.197069577,742.0083033,11.94938299,9.407656536,9.407656536,8.898979486,5.69355492,5.69355492,4.071855861,4.071855861,2.868876174,2.868876174,2.012869734,2.012869734,-2.62,29621.67302,9.414192912,3.43403111,1.322348659,102.3549886,0,24.26546827,0,33.36115731,48.53093655,19.93591408,48.53093655,51.56,0,0,11.29435444,0,4.549189342,0,15.48399282,18,0,4,2,4,4,0,4,4,2.7262,70.14,2,Class_2
C1=CC=C2C=C3C(=CC2=C1)C4=CC5=CC=CC=C5C(=C4C6=C(C7=C(C=C36)C(=C(C(=C7O)O)O)O)O)O,9.55E-10,11.52312217,11.52312217,0.037480894,-0.94406436,0.061944282,474.468,456.324,474.1103383,174,0.204599743,-0.506628539,0.506628539,0.204599743,0.305555556,0.805555556,1.472222222,16.34449328,9.875922082,2.25246786,-2.17886093,2.554785823,-1.893447346,6.343113581,0.349762262,2.894940706,1.883474502,2110.589281,24.87758622,18.6114848,18.6114848,17.3630811,11.3057424,11.3057424,9.078534293,9.078534293,7.203885565,7.203885565,5.510907192,5.510907192,-5.1,247472770.1,20.28841518,6.733367037,2.395844875,202.2867928,30.63916437,61.96903778,30.63916437,64.63469057,72.79640482,30.63916437,72.79640482,121.38,30.63916437,21.90818448,21.54489686,71.04297308,0,-3.745080056,22.70210697,36,6,6,7,7,6,6,6,7,6.8394,141.4668,7,Class_0
C1=CC=C2C=C3C(=CC2=C1)C4=CC5=CC=CC=C5N=C4C6=NC7=C(C=C36)N=NN=N7,2.15E-08,4.996122134,4.996122134,0.466572027,0.466572027,0.271174438,384.402,372.306,384.1123444,138,0.204389901,-0.245465551,0.245465551,0.204389901,0.466666667,1.066666667,1.866666667,15.42642226,9.953241083,2.148761557,-2.117286909,2.371788709,-1.967931606,6.268724476,0.791743146,2.809457565,1.824218758,1435.635235,19.65612529,15.6114848,15.6114848,14.84846923,9.655742402,9.655742402,7.428336688,7.428336688,5.729356021,5.729356021,4.344301714,4.344301714,-4.32,23046767.05,15.58529346,5.607191352,2.07158897,168.7446389,0,62.30350239,0,65.41754959,72.79640482,30.59209085,72.79640482,77.34,0,0,11.16387794,23.32720571,3.674626638,0,25.19781539,30,0,6,4,7,6,0,6,7,4.9758,118.248,4,Class_0
C1=CN=CC=C1C2=NC(=NC(=N2)C3=CC=NC=C3)C4=CC=NC=C4,1.70E-10,4.606001512,4.606001512,0.602800454,0.602800454,0.578383,312.336,300.24,312.1123444,114,0.163706346,-0.264687993,0.264687993,0.163706346,0.375,0.625,0.875,15.0329935,10.17566414,2.111914861,-2.072398886,2.229160962,-1.99816059,5.650146454,1.067897936,2.695747373,1.915820969,803.1744753,16.19202368,12.6114848,12.6114848,11.89897949,7.372884933,7.372884933,5.01389678,5.01389678,3.45096851,3.45096851,2.266188961,2.266188961,-3.54,670788.2104,14.07781604,6.293745804,2.846959301,137.9205736,0,36.39820241,0,0,73.57926384,29.90387113,73.57926384,77.34,0,0,17.47321349,0,2.661145125,1.808401361,11.26185185,24,0,6,0,4,6,0,6,4,3.0576,89.52,0,Class_0
C1=CN=CC=C1C2=NN=C(N=N2)C3=CC=NC=C3,1.55E-09,4.053518519,4.053518519,0.481672336,0.481672336,0.668723856,236.238,228.174,236.0810443,86,0.203262434,-0.264687958,0.264687958,0.203262434,0.5,0.833333333,1.166666667,15.28530619,10.2366384,2.049376507,-1.990375631,2.136551198,-1.987448049,5.549419654,0.875239161,2.492697633,1.951466169,565.2453906,12.20889601,9.302083727,9.302083727,8.93265299,5.315256622,5.315256622,3.518991056,3.518991056,2.355924314,2.355924314,1.462353519,1.462353519,-2.76,26961.0176,10.39753576,4.621827285,2.032491651,102.8003866,0,24.26546827,0,0,49.05284256,30.36268428,49.05284256,77.34,0,0,11.648809,16.21407407,1.678293231,0.963344671,7.241284958,18,0,6,0,3,6,0,6,3,1.3906,64.084,0,Class_0
C1=CN=CC=N1,8.30E-16,3.722222222,3.722222222,1.638888889,1.638888889,0.452557143,80.09,76.058,80.03744813,30,0.045107531,-0.261519559,0.261519559,0.045107531,0.666666667,1,1.166666667,14.71636877,10.78195646,1.587044057,-1.69797352,1.653036121,-1.656926944,4.703112954,1.202044012,1.719973094,3,77.47078006,4.242640687,3.203828268,3.203828268,3,1.699462226,1.699462226,0.894427191,0.894427191,0.47759852,0.47759852,0.253340871,0.253340871,-0.92,34.39946188,3.276850394,1.49980284,0.516356873,35.87069908,0,0,0,0,24.78737429,9.967957042,24.78737429,25.78,0,0,0,0,0,0,0,6,0,2,0,1,2,0,2,1,0.4766,22.032,0,Class_0
C1=CN=CC=NC=CC=NC=CN=C1,50,3.921094104,3.921094104,1.590702948,1.590702948,0.6159639,186.218,176.138,186.0905463,70,0.045040669,-0.26307099,0.26307099,0.045040669,0.357142857,0.642857143,0.928571429,14.68423949,10.68124852,1.593151671,-1.697736537,1.685445186,-1.636682113,4.770400098,1.238332311,2.217310877,3,224.9156212,9.899494937,7.562357074,7.562357074,7,4.065591118,4.065591118,2.173754561,2.173754561,1.166128892,1.166128892,0.628463304,0.628463304,-2.1,1873.627691,9.984033613,7.544022315,5.537596215,82.39389552,0,12.13273414,0,0,61.70748271,19.93591408,61.70748271,51.56,0,0,0,0,0,0,3.444444444,14,0,4,0,1,4,0,4,1,1.5154,52.878,0,Class_2
C1=CNC(=S)C(=C1)C(=O)O,11,10.33509259,10.33509259,0.136574074,-0.998287037,0.603200405,155.178,150.138,155.0040994,52,0.338209454,-0.47756099,0.47756099,0.338209454,1.7,2.4,2.8,32.09199361,10.28643624,2.01174909,-1.901479884,1.971947595,-1.967792819,7.711398775,0.069556856,1.878744529,3.292254487,304.6161679,7.560477932,4.995760984,5.812257565,4.715214055,2.625872024,3.034120315,1.718072835,2.126321125,1.048577847,1.38634218,0.589985828,0.813378805,-1.16,182.2382193,6.953122172,2.616524836,1.21789435,62.33052931,10.09050592,12.13273414,9.901064579,18.18717873,28.53361847,16.0598112,18.32957771,53.09,4.794537184,10.20404076,0,8.478981481,0.136574074,-0.998287037,3.055972222,10,2,3,0,1,2,2,4,1,1.44239,38.586,0,Class_2
C1=CNC(=S)C(=S)N1,0.0006,4.762268519,4.762268519,0.585648148,0.585648148,0.543991943,144.224,140.192,143.9815901,42,0.137949702,-0.349038758,0.349038758,0.137949702,1,1.375,1.625,32.09408265,10.77127845,1.736022647,-1.803725188,1.822622641,-1.753158505,7.733447139,1.158616413,1.768177215,3.586135822,242.6119538,5.983127663,3.971197119,5.604190281,3.804530453,2.068931893,2.885428474,1.280256758,2.096753339,0.718417437,1.491577176,0.365802397,0.619736291,-0.48,72.49526583,5.652978723,2.192057058,1.019024129,56.58825958,9.967957042,0,0,24.43574689,21.67486568,9.967957042,12.39368714,31.58,0,0,9.281178535,0,0,0,0,8,2,2,0,1,2,2,4,1,1.80178,36.8114,0,Class_1
C1=CSC2=C1SC=C2,0.111,2.157407407,2.157407407,1.412037037,1.412037037,0.527461214,140.232,136.2,139.9754421,40,0.045001368,-0.142903986,0.142903986,0.045001368,0.875,1.375,1.875,32.13607061,10.53508825,1.902762696,-1.634514629,2.245361889,-1.326792338,7.254271145,2.235624148,2.150348863,3.062247833,227.8603611,5.397341225,4.125897658,5.75889082,3.966326495,2.373669747,4.13297537,1.569702661,3.465091047,1.071699981,2.965099943,0.697234872,2.521262994,-0.34,141.9230249,4.530451066,1.569314512,0.501192714,55.39379419,0,22.89285968,0,32.07341159,22.89285968,0,22.89285968,0,0,0,0,4.252314815,0,0,4.314814815,8,0,0,0,2,2,0,2,2,2.9628,39.702,0,Class_2
C1=NN=CN=N1,8.17E-10,3.361111111,3.361111111,1.277777778,1.277777778,0.413589428,82.066,80.05,82.02794606,30,0.160231588,-0.135300507,0.160231588,0.135300507,0.666666667,1,1.166666667,15.23961129,11.30469529,1.607419742,-1.676386467,1.495069506,-1.81488058,4.353613628,0.852689379,1.719973094,3,77.47078006,4.242640687,2.94355492,2.94355492,3,1.432795559,1.432795559,0.692820323,0.692820323,0.339892445,0.339892445,0.16544498,0.16544498,-1.06,34.39946188,3.14242915,1.395522956,0.453416053,34.24690218,0,0,0,0,12.65464015,20.39472723,12.65464015,51.56,0,0,0,13.44444444,0,0,0,6,0,4,0,1,4,0,4,1,-0.7334,17.622,0,Class_0
C1C2C(S)C3C4C1C1CC(CC3C1C2)C4,3.33E-05,4.994560973,4.994560973,0.798611111,0.798611111,0.595357283,220.381,200.221,220.1285716,82,0.007901007,-0.175326575,0.175326575,0.007901007,0.666666667,1.2,1.866666667,32.11699689,9.35522024,2.651790727,-2.708271832,2.713011297,-2.654466834,7.805395429,-0.198392795,2.256997417,1.692398045,301.30039,9.731686329,9.178899924,10.07332712,7.32649984,7.007348461,7.523746241,7.19183217,7.788116964,7.032214066,7.798116273,6.891941906,7.577568,0.35,7425.521501,8.44209516,2.443801137,0.798642549,97.60940941,0,79.44735648,0,12.62878915,0,5.24993803,0,0,0,0,0,0.798611111,0,8.982067901,0,15,0,0,0,0,1,1,1,7,3.2329,63.779,0,Class_0
C1C2CC3CC1CC(C2)(C3)S,0.0001,4.850185185,4.850185185,0.494791667,0.494791667,0.528257269,168.305,152.177,168.0972715,62,0.013746635,-0.172470493,0.172470493,0.013746635,0.818181818,1.181818182,1.454545455,32.11712532,9.557404912,2.483561233,-2.543511767,2.574639285,-2.466453254,7.813897952,0.039249807,1.787472376,1.940003547,150.0275861,7.474691495,6.92190509,7.816332281,5.234894786,4.958501584,5.405715179,5.141897077,6.090580375,4.005912086,4.553634644,4.064931903,4.839528572,0.35,434.3557873,6.822036359,1.985033374,0.96471413,74.16130326,0,56.27864788,0,12.62878915,0,4.747022453,0,0,0,0,4.747022453,0,0,3.204861111,0,11,0,0,0,0,1,1,1,4,2.885,49.889,0,Class_1
C1CCN(C1)C(=S)S,4.70E-10,4.845401235,4.845401235,0.752314815,0.752314815,0.406185915,147.268,138.196,147.0176413,46,0.132777164,-0.357727181,0.357727181,0.132777164,1.375,1.875,2.125,32.14267056,10.39358405,2.101533069,-2.119348579,2.086471447,-2.204810727,8.104656505,0.539308994,2.115968032,2.349936739,96.6017922,5.983127663,4.631102606,6.342026378,3.804530453,2.783793273,3.639255159,1.976729126,3.089600055,1.376583131,1.917624733,0.90841797,1.290992156,0.24,93.10259339,6.361359223,2.688486328,1.356171274,60.46686891,4.899909731,12.84164325,0,29.16719668,0,22.30995663,0,3.24,0,0,0,0,0,0,0,8,0,1,0,0,1,1,3,1,1.2969,42.391,0,Class_0
N(C1C(C)=NNC=1C)1C(C2C3C4C(C(=O)N(C(C=4C=CC=3C1=O)=O)C1C(C)=NNC=1C)=CC=2)=O,2.10E-08,13.51964463,13.51964463,0.249927984,-0.529952759,0.447419975,454.446,436.302,454.1389531,168,0.265611511,-0.280396407,0.280396407,0.265611511,0.558823529,0.852941176,1.088235294,16.18267148,9.85245357,2.419672695,-2.315524281,2.409051874,-2.436250123,6.419480896,0.087235242,3.317266112,1.604047134,1412.350194,24.04915909,18.73124862,18.73124862,16.21812181,10.62393176,10.62393176,8.52804544,8.52804544,6.520335444,6.520335444,5.029776558,5.029776558,-4.6,71765947.37,20.03858843,6.471361799,2.285946306,192.0954104,0,51.96041707,19.17814874,45.7759399,69.29498622,44.02344615,24.26546827,132.12,19.17814874,22.25380597,44.92293296,14.4620503,3.996901861,-2.119811036,6.160429894,34,2,10,2,4,6,2,10,6,3.12088,122.3514,2,Class_0
N1=C2C3=NC4C=C(O)C(O)=CC=4N=C3C3=NC4C=C(O)C(O)=CC=4N=C3C2=NC2C=C(O)C(O)=CC1=2,1.76E-07,9.975373706,9.975373706,0.25806007,-0.375699238,0.10535078,480.396,468.3,480.0818321,174,0.159232533,-0.504205352,0.504205352,0.159232533,0.277777778,0.416666667,0.555555556,16.31011961,10.11904687,2.202446039,-2.109662102,2.374253296,-1.987280759,6.206329126,0.404433347,2.838152008,1.763428911,1711.997861,24.87758622,17.83066476,17.83066476,17.26206059,10.48902397,10.48902397,8.251371516,8.251371516,5.95456806,5.95456806,4.23263536,4.23263536,-5.52,202975390.6,19.90491199,6.537081269,2.627049511,197.6046807,30.63916437,0,30.63916437,66.20040861,36.39820241,60.54303549,36.39820241,198.72,30.63916437,100.6974796,0,59.85224223,3.160668185,-2.254195431,7.57359101,36,6,12,4,7,12,6,12,7,3.2094,128.2368,4,Class_0
NC1C(=CC2=C(C=1)N=C1C3C(C4C(C1=N2)=NC1C=C(C(=CC=1N=4)N)N)=NC1C=C(N)C(N)=CC=1N=3)N,2,6.036053376,6.036053376,0.402664007,0.402664007,0.105578877,474.492,456.348,474.1777386,174,0.119684387,-0.396997054,0.396997054,0.119684387,0.277777778,0.416666667,0.555555556,14.9297949,10.11203379,2.1955562,-2.116667382,2.349482809,-2.018541467,6.208992948,1.336605021,2.838152008,1.763428911,1699.997861,24.87758622,18.6114848,18.6114848,17.26206059,10.879434,10.879434,8.671979857,8.671979857,6.279971391,6.279971391,4.395738742,4.395738742,-5.52,202975390.6,19.90491199,6.537081269,2.627049511,200.8786224,34.40200486,36.39820241,0,100.3247263,36.39820241,29.90387113,36.39820241,233.46,0,0,100.3247263,0,44.85657158,0,10.05860478,36,12,12,4,7,12,6,12,7,2.469,144.7224,4,Class_2
OC1=CC2=C(C3C=C(C(=CC=3C3C2=CC2C4C=C5C(C6C=C(C(=CC=6C6C=C(C(=CC=65)O)O)O)O)=CC=4C4C=C5C(=CC=4C=2C=3)C2C=C(C(=CC=2C2C=C(C(=CC=25)O)O)O)O)O)O)C=C1O,0.21,10.91527191,10.91527191,0.379141009,-0.387331114,0.038679724,870.822,840.582,870.1737264,318,0.157557626,-0.504244761,0.504244761,0.157557626,0.106060606,0.166666667,0.242424242,16.3208221,9.842417941,2.226548882,-2.191891194,2.514320791,-1.910185951,6.387532976,0.404298529,3.287918766,1.339220241,3764.735796,45.51253175,33.75886799,33.75886799,31.62514169,20.57558642,20.57558642,17.14916437,17.14916437,13.64342197,13.64342197,10.60804743,10.60804743,-9.42,1.00582E+15,37.16251234,12.18253038,4.700375397,367.1421825,61.27832874,238.4639884,61.27832874,129.2693811,109.1946072,61.27832874,109.1946072,242.76,61.27832874,68.994142,129.2693811,143.8519318,0,-4.59883274,28.74690099,66,12,12,13,13,12,12,12,13,11.9922,256.4916,13,Class_2
OC1C(=C2C3C4C(=C(C(=C5C=4C4=C6C7C(=C(C(=C8C=7C=3C=1O8)O)O)OC6=C(C(=C4O5)O)O)O)O)O2)O,0.2,10.77896056,10.77896056,0.121300548,-0.744276712,0.128587044,488.316,480.252,488.0015757,176,0.205433087,-0.501571997,0.501571997,0.205433087,0.222222222,0.333333333,0.444444444,16.40551038,9.928829396,2.372059149,-2.057825742,2.622207734,-1.82083063,6.463331956,0.387490517,3.601517708,1.892564678,1900.688811,24.68483359,17.21070193,17.21070193,17.21812181,10.42184754,10.42184754,8.830095834,8.830095834,7.250817015,7.250817015,5.827210217,5.827210217,-5.52,408909445.2,17.88956557,4.813662732,1.433649826,192.3529811,58.52082291,0,58.52082291,87.75395485,0,40.85221916,17.66860375,214.4,40.85221916,87.75395485,0,87.2020889,-2.213675149,-5.954213698,0,36,8,12,5,9,12,8,12,9,5.2424,122.4304,4,Class_2
OC1C(=C2C3C4C(=C(C(=C5C=4C4C([Te]5)=C(C(=C5C=4C=3C=1[Te]5)O)O)O)O)[Te]2)O,3.21,10.67159011,10.67159011,0.129871032,-1.202202211,0.082174129,701.04,694.992,707.7351111,132,0.159118383,-0.477639247,0.477639247,0.159118383,0.296296296,0.444444444,0.592592593,16.32023679,10.02937223,2.188862533,-2.106834914,2.409051874,-1.979705879,6.263049358,0.403884721,3.32323296,2.100773852,1380.085795,18.51362519,12.90802644,19.89911994,12.91359136,7.816385658,14.80747915,6.622571876,15.36143874,5.438112761,15.74023565,4.370407663,14.67253056,-1.171168831,3886344.816,15.71722691,4.523188476,1.438940488,177.1010285,0,0,30.63916437,114.0228755,0,91.93212526,0,121.38,30.63916437,34.497071,20.4125693,69.22956173,0,-0.77922619,0,27,6,6,4,7,6,6,9,7,2.3238,105.8448,4,Class_2
OC1C(=C2C3C4C(S2)=C(C(=C2C=4C4=C5C(SC=1C5=3)=C(C(=C4S2)O)O)O)O)O,0.000248,10.57079011,10.57079011,0.295434146,-0.295434146,0.14719487,414.441,408.393,413.9326509,132,0.176783547,-0.503232927,0.503232927,0.176783547,0.296296296,0.444444444,0.592592593,32.13587979,9.928829396,2.335038588,-2.098779303,2.649924398,-1.82083063,7.312469784,0.413320389,3.32323296,2.100773852,1380.085795,18.51362519,12.90802644,15.35751619,12.91359136,7.816385658,10.2658754,6.622571876,9.684434054,5.438112761,9.047697497,4.370407663,7.979992399,-2.88,3886344.816,14.21160172,3.86226883,1.189295356,159.1449573,30.63916437,0,30.63916437,94.52722242,0,30.63916437,0,121.38,30.63916437,34.497071,60.51686479,67.53107285,0,-1.772604875,0,27,6,6,4,7,9,6,9,7,5.3373,108.6558,4,Class_1
OC1C(=C2C3C4C([Se]2)=C(C(=C2C=4C4=C5C([Se]C=1C5=3)=C(C(=C4[Se]2)O)O)O)O)O,0.0417,10.63969636,10.63969636,0.182256236,-0.476694303,0.097198445,555.12,549.072,557.7660018,132,0.159118383,-0.477639247,0.477639247,0.159118383,0.296296296,0.444444444,0.592592593,16.32023679,10.02937223,2.188862533,-2.106834914,2.409051874,-1.979705879,6.263049358,0.403884721,3.32323296,2.100773852,1380.085795,18.51362519,12.90802644,18.0472426,12.91359136,7.816385658,12.95560182,6.622571876,13.04659207,5.438112761,13.01129663,4.370407663,11.94359153,-1.981558442,3886344.816,15.00064574,4.204168262,1.31732181,165.4959955,0,0,30.63916437,101.3889176,0,74.1498459,0,121.38,30.63916437,34.497071,25.56089077,68.69214923,0,-1.093537415,0,27,6,6,4,7,6,6,9,7,2.3238,105.8448,4,Class_1
OC1C(=C2C3C=CC=CC=3C3C4C5C(C6C=CC=CC=6C6C=5C5C(C7C=CC=CC=7C=1C=5C=42)=C(C=6O)O)=C(C=3O)O)O,6.80E-05,11.72835369,11.72835369,0.287684083,-0.287684083,0.064336807,546.534,528.39,546.1103383,198,0.166296574,-0.503800047,0.503800047,0.166296574,0.214285714,0.357142857,0.5,16.31125617,9.767053675,2.332890469,-2.266751107,2.630142649,-1.976802776,6.552972648,0.412025615,3.014169726,1.808689404,2316.954692,28.34168783,21.6114848,21.6114848,20.41359136,13.57369159,13.57369159,11.22839213,11.22839213,9.490952298,9.490952298,8.001565151,8.001565151,-5.88,9957217818,21.88359024,6.699587799,2.049983689,234.2688611,30.63916437,32.31734529,30.63916437,96.95203586,72.79640482,30.63916437,72.79640482,121.38,30.63916437,34.497071,96.95203586,79.94434578,0,-1.726104497,21.78175871,42,6,6,10,10,6,6,6,10,8.6124,167.5428,10,Class_1
OC1C(=CC2C3=NC4C=C(C(=CC=4C4N3C(C3C=C(C(=CC=3N=4)O)O)=NC=2C=1)O)O)O,0.005,10.03287548,10.03287548,0.310050548,-0.366293377,0.307036046,416.349,404.253,416.0756841,152,0.159118383,-0.504242164,0.504242164,0.159118383,0.419354839,0.677419355,0.967741935,16.31021302,9.971448907,2.399953125,-2.379946238,2.465797764,-2.476958361,6.361108388,0.403022322,2.719367039,1.761643258,1282.212403,21.60156534,15.43623757,15.43623757,14.81257084,9.068203581,9.068203581,7.215855293,7.215855293,5.3158163,5.3158163,3.847433039,3.847433039,-4.73,14189064.39,17.15595088,5.448033814,2.177610952,172.8341281,30.63916437,18.19910121,30.63916437,34.56901818,53.08855689,53.04593346,51.37541661,161.7,30.63916437,34.497071,51.25937266,59.99771207,2.13313933,-1.257852381,7.80111804,31,6,10,3,3,10,6,10,6,2.7977,109.7448,3,Class_1
OC1C(=CC2C3C4C5C(C=2C=1)=C1C=C(C(=CC1=C1C=5C2C(C5C=C(C(=CC=51)O)O)=C1C=C(C(=CC1=C1C5C=C(C(=CC=5C(C=4C=21)=C1C=3C=C(C(=C1)O)O)O)O)O)O)O)O)O,0.0331,11.16755018,11.16755018,0.394639458,-0.461626474,0.038980539,792.708,768.516,792.1267762,288,0.157557984,-0.504244759,0.504244759,0.157557984,0.133333333,0.216666667,0.3,16.32073846,9.738302774,2.324547419,-2.282550635,2.61734648,-1.992123143,6.606627628,0.404525604,3.198760715,1.589281976,3300.582997,41.26989107,30.29476638,30.29476638,28.7261622,18.6114848,18.6114848,15.81903736,15.81903736,12.92034576,12.92034576,10.67952202,10.67952202,-8.64,5.49342E+13,32.44637033,9.89412924,3.433511725,331.0792572,61.27832874,202.065786,61.27832874,129.2693811,72.79640482,61.27832874,72.79640482,242.76,61.27832874,0,129.2693811,144.8663361,0,-5.53951769,16.67318158,60,12,12,13,13,12,12,12,13,10.3056,230.0496,13,Class_1
OC1C(=CC2C3N4C(C5C=C(C(=CC=5N=3)O)O)=NC3C=C(C(=CC=3C4=NC=2C=1)O)O)O,0.001,10.03287548,10.03287548,0.310050548,-0.366293377,0.307036046,416.349,404.253,416.0756841,152,0.159118383,-0.504242164,0.504242164,0.159118383,0.419354839,0.677419355,0.967741935,16.31021302,9.971448907,2.399953125,-2.379946238,2.465797764,-2.476958361,6.361108388,0.403022322,2.719367039,1.761643258,1282.212403,21.60156534,15.43623757,15.43623757,14.81257084,9.068203581,9.068203581,7.215855293,7.215855293,5.3158163,5.3158163,3.847433039,3.847433039,-4.73,14189064.39,17.15595088,5.448033814,2.177610952,172.8341281,30.63916437,18.19910121,30.63916437,34.56901818,53.08855689,53.04593346,51.37541661,161.7,30.63916437,34.497071,51.25937266,59.99771207,2.13313933,-1.257852381,7.80111804,31,6,10,3,3,10,6,10,6,2.7977,109.7448,3,Class_1
OC1C(=CC2C3N4C(C5C=C(C(=CC=5N=3)O)O)=NC3C=C(O)C(O)=CC=3C4=NC=2C=1)O,5.00E-05,10.03287548,10.03287548,0.310050548,-0.366293377,0.307036046,416.349,404.253,416.0756841,152,0.159118383,-0.504242164,0.504242164,0.159118383,0.419354839,0.677419355,0.967741935,16.31021302,9.971448907,2.399953125,-2.379946238,2.465797764,-2.476958361,6.361108388,0.403022322,2.719367039,1.761643258,1282.212403,21.60156534,15.43623757,15.43623757,14.81257084,9.068203581,9.068203581,7.215855293,7.215855293,5.3158163,5.3158163,3.847433039,3.847433039,-4.73,14189064.39,17.15595088,5.448033814,2.177610952,172.8341281,30.63916437,18.19910121,30.63916437,34.56901818,53.08855689,53.04593346,51.37541661,161.7,30.63916437,34.497071,51.25937266,59.99771207,2.13313933,-1.257852381,7.80111804,31,6,10,3,3,10,6,10,6,2.7977,109.7448,3,Class_1
OC1C=C2C#CC3C(C#CC4C(C#CC2=CC=1O)=CC(=C(C=4)O)O)=CC(=C(C=3)O)O,2.25E-07,9.842101515,9.842101515,0.300368271,-0.381037461,0.200595045,396.354,384.258,396.0633881,144,0.158239217,-0.504229136,0.504229136,0.158239217,0.3,0.433333333,0.566666667,16.30996314,10.00505025,2.103735638,-2.051040331,2.310226101,-1.904603258,5.664388691,0.403120698,2.699849609,2.083526208,1142.244614,21.4134846,15.14738319,15.14738319,14.31257084,8.555742402,8.555742402,6.409518678,6.409518678,4.339660179,4.339660179,2.754985608,2.754985608,-4.86,5270041.641,18.5008473,6.945502844,3.355587229,170.4924918,30.63916437,0,30.63916437,0,69.77891136,30.63916437,36.39820241,121.38,30.63916437,34.497071,33.38070895,59.05260909,1.802209625,14.6514938,7.493687484,30,6,6,3,3,6,6,6,4,2.433,107.2548,3,Class_0
OP(C1C=CC2C=C(C=CC=2C=1)P(=O)(O)O)(=O)O,2,11.07268589,11.07268589,0.125991119,-4.32034633,0.596200394,288.132,278.052,287.9952613,96,0.355734827,-0.321038901,0.355734827,0.321038901,0.666666667,1,1.277777778,31.19244643,10.12674973,2.19155775,-2.077383456,2.35880714,-2.055146628,7.601919429,0.384967404,2.248507311,2.628001942,637.330164,13.55204176,8.963879769,10.75273415,8.176669926,4.838429711,8.063153645,3.803814773,7.012726845,2.480107116,4.381845855,1.582895645,2.734869641,-1,7422.322633,13.43209877,4.280618312,2.699724518,102.2158835,19.57364641,35.0379167,28.70374298,36.57305287,36.39820241,19.57364641,36.39820241,115.06,9.13009657,10.60907979,10.77244843,0.762878874,0,0,7.934624276,18,4,6,2,2,2,4,8,2,0.4458,67.3042,2,Class_2
S1C2C(C3=CC(O)=C(O)C=C3)=C(C3=CC=C(O)C(O)=C3)SC=2C(C2=CC(O)=C(O)C=C2)=C1C1=CC=C(O)C(O)=C1,0.018,10.32265822,10.32265822,0.277196682,-0.319194264,0.102252236,572.616,552.456,572.0599596,200,0.157541255,-0.504259628,0.504259628,0.157541255,0.325,0.6,0.9,32.1361686,9.986324258,2.259403775,-2.092871604,2.564309841,-1.816889654,7.327237955,0.40369977,3.469169976,1.735610503,1813.130974,28.29179978,20.32240858,21.95540174,19.1171013,11.80748645,13.44047961,9.084594822,11.12583627,6.526109166,9.167964327,4.552380751,7.506895037,-5.06,1272671479,25.23076715,9.296201966,4.063343324,233.976041,40.85221916,82.91747665,40.85221916,32.07341159,72.79640482,40.85221916,72.79640482,161.84,40.85221916,45.99609467,43.13500334,80.85644352,3.701958997,-2.380852839,17.81951738,40,8,8,4,6,10,8,10,6,7.2756,154.7644,4,Class_1
[CH-]1C=CC=C1C(=O)O.[CH-]1C=CC=C1C(=O)O.[Fe+2],1.35,10.06203704,10.06203704,0,-0.865740741,0.649934418,274.053,263.973,273.9928463,90,2,-0.521086664,2,0.521086664,0.882352941,1.235294118,1.352941176,16.32023679,10.02937223,2.188862533,-2.106834914,2.409051874,-1.979705879,6.263049358,0.403884721,2.926558058,2.84E-07,398.5737126,11.96625533,8.683279316,9.787463899,7.609060905,4.510162424,4.510162424,2.957455757,2.957455757,1.819257065,1.819257065,1.033159607,1.033159607,-1.840519481,5548.754078,15.15948052,7.435633407,5.151321901,108.7103696,19.80212916,0,36.87080731,11.93861058,59.65783953,22.15166537,48.53093655,74.6,9.589074368,17.06867815,11.12690298,16.54740741,0.703703704,-1.731481481,13.02296296,17,2,4,2,2,2,2,5,2,2.2049,57.9886,0,Class_2
[H]C1C2C(=C(C(NC=2C2=C(C(=C(C(=N2)[H])[H])[H])C=1[H])=O)[H])[H],3.90E-06,11.24378449,11.24378449,0.096617536,-0.096617536,0.55931298,196.209,188.145,196.0636629,72,0.247957584,-0.320088599,0.320088599,0.247957584,1,1.8,2.733333333,16.13765826,10.12204537,2.003671004,-2.007067793,2.192043875,-2.023021987,6.017685143,1.300140428,2.287029952,2.631600572,700.3760069,10.25071238,7.89691377,7.89691377,7.343336593,4.712638839,4.712638839,3.427495237,3.427495237,2.469316646,2.469316646,1.761319124,1.761319124,-2.16,4798.18884,8.173359973,2.916788901,1.205349967,85.39555024,4.983978521,12.13273414,0,21.80584986,52.94885006,9.967957042,47.38958317,45.75,4.794537184,5.559266895,0,2.034861111,1.549956538,0,11.18052201,15,1,3,1,3,2,1,3,3,2.0763,59.8697,1,Class_0
[H]C1C2C(=C(C(NC=2C2=C(C(=C(C(=N2)[H])[H])[H])C=1[H])=S)[H])[H],0.005,5.119101002,5.119101002,0.736715797,0.736715797,0.456483346,212.277,204.213,212.0408193,72,0.103241306,-0.344325665,0.344325665,0.103241306,1,1.8,2.733333333,32.09199362,10.1228556,1.99615416,-2.014557808,2.204880377,-1.840118085,7.710742505,1.354295063,2.287029952,2.631600572,700.3760069,10.25071238,7.89691377,8.713410351,7.343336593,4.712638839,5.12088713,3.427495237,3.867321642,2.469316646,2.707461482,1.761319124,1.931422578,-1.74,4798.18884,8.558849647,3.137017426,1.320709325,91.59280839,4.983978521,18.19910121,0,34.02372331,47.23563525,9.967957042,42.59504598,28.68,0,0,0,2.260787037,1.988240741,0,12.03995607,15,1,2,1,3,2,1,3,3,3.44559,64.4337,1,Class_1
[SeH]C1C(=C(C([SeH])=C(C=1[SeH])[SeH])[SeH])[SeH],110,2.621712963,2.621712963,1.294953704,1.294953704,0.281448825,551.874,545.826,557.546078,66,0.159118383,-0.477639247,0.477639247,0.159118383,0.333333333,0.416666667,0.5,16.32023679,10.02937223,2.188862533,-2.106834914,2.409051874,-1.979705879,6.263049358,0.403884721,2.081571824,3.603567451,226.3030902,9.464101615,5.683281573,16.94274005,5.464101615,2.841640786,8.471370023,2.091640786,7.721370023,1.345820393,11.96068501,0.672910197,5.980342506,2.336883117,416.3143648,12.40663328,4.907908531,2.285935834,121.0424537,0,0,0,122.8476003,0,96.07636959,0,0,0,0,0,0,0,0,0,12,0,0,1,1,0,0,6,1,-7.1568,67.14,1,Class_2

